-- phpMyAdmin SQL Dump
-- version 3.5.8.2
-- http://www.phpmyadmin.net
--
-- Počítač: wm70.wedos.net:3306
-- Vygenerováno: Čtv 05. říj 2017, 19:40
-- Verze serveru: 5.6.17
-- Verze PHP: 5.4.23

SET SQL_MODE="NO_AUTO_VALUE_ON_ZERO";
SET time_zone = "+00:00";


/*!40101 SET @OLD_CHARACTER_SET_CLIENT=@@CHARACTER_SET_CLIENT */;
/*!40101 SET @OLD_CHARACTER_SET_RESULTS=@@CHARACTER_SET_RESULTS */;
/*!40101 SET @OLD_COLLATION_CONNECTION=@@COLLATION_CONNECTION */;
/*!40101 SET NAMES utf8 */;

--
-- Databáze: `d79175_vlcata`
--

--
-- Vypisuji data pro tabulku `utrata_akt_hodnota`
--

INSERT INTO `utrata_akt_hodnota` (`ID`, `UserID`, `datum`, `hodnota`, `duvod`, `typ`, `idToDelete`) VALUES
(1, 'vojta', '2015-09-23 14:32:16', 10000, 'rodiče', 'karta', NULL),
(2, 'vojta', '2015-10-01 19:30:11', 1000, 'rodiče', 'hotovost', NULL),
(3, 'vojta', '2015-10-01 12:17:16', 3.6600000858306885, 'úrok', 'karta', NULL),
(4, 'vojta', '2015-10-20 00:00:00', 500, NULL, 'karta', NULL),
(5, 'vojta', '2015-11-01 01:02:34', 9.979999542236328, 'úrok', 'karta', NULL),
(6, 'vojta', '2015-11-02 16:05:21', 5000, 'rodiče', 'karta', NULL),
(7, 'vojta', '2015-11-18 19:55:11', 120, 'vyrovnání s Janou', 'hotovost', NULL),
(8, 'vojta', '2015-11-23 20:19:51', 400, 'výběr', 'hotovost', NULL),
(9, 'vojta', '2015-01-11 00:00:00', -29, 'pojištění', 'karta', NULL),
(10, 'vojta', '2015-01-12 00:00:00', -29, 'pojištění', 'karta', NULL),
(11, 'vojta', '2015-12-01 00:00:00', 9.989999771118164, 'úrok', 'karta', NULL),
(12, 'vojta', '2015-12-04 01:02:51', 5000, 'rodiče', 'karta', NULL),
(13, 'vojta', '2015-12-15 12:50:00', 1000, 'výměna hotovosti', 'hotovost', 113),
(14, 'vojta', '2015-12-17 15:22:29', 500, 'výměna hotovosti', 'hotovost', 122),
(15, 'vojta', '2016-01-04 09:32:13', 11.350000381469727, 'úrok', 'karta', NULL),
(16, 'vojta', '2016-01-01 00:00:00', -29, 'pojištění', 'karta', NULL),
(17, 'vojta', '2016-01-13 20:45:52', 1850, 'ubytovací stipendium', 'karta', NULL),
(18, 'vojta', '2016-01-14 12:27:48', 5000, 'rodiče', 'karta', NULL),
(19, 'vojta', '2016-01-26 14:37:56', 305, 'vyrovnání s Janou', 'hotovost', NULL),
(20, 'vojta', '2016-02-01 00:00:00', -29, 'pojištění', 'karta', NULL),
(21, 'vojta', '2016-02-01 00:00:00', 12.029999732971191, 'úrok', 'karta', NULL),
(22, 'vojta', '2016-02-11 17:22:53', 3000, 'pojišťovna', 'karta', NULL),
(23, 'vojta', '2016-02-21 23:48:21', 600, 'výběr', 'hotovost', 175),
(24, 'vojta', '2016-02-23 21:28:20', 3150, 'rodiče', 'karta', NULL),
(25, 'vojta', '2016-02-26 08:20:55', 310, 'vyrovnání s Janou', 'hotovost', NULL),
(26, 'vojta', '2016-02-28 14:25:08', 197, 'vyrovnání s Janou', 'hotovost', NULL),
(27, 'vojta', '2016-03-03 14:30:19', -29, 'pojištění', 'karta', NULL),
(28, 'vojta', '2016-03-03 14:31:33', 14.569999694824219, 'úrok', 'karta', NULL),
(29, 'vojta', '2016-03-04 18:09:13', 80, 'rodiče', 'hotovost', NULL),
(30, 'vojta', '2016-03-05 21:46:46', 40, 'rodiče', 'hotovost', NULL),
(31, 'vojta', '2016-03-16 13:54:06', 5000, 'rodiče', 'karta', NULL),
(32, 'vojta', '2016-03-19 21:23:11', 200, 'Výběr', 'hotovost', 220),
(33, 'vojta', '2016-03-31 14:41:09', 1000, 'Výběr', 'hotovost', 233),
(34, 'vojta', '2016-04-01 20:00:46', 19.010000228881836, 'úrok', 'karta', NULL),
(35, 'vojta', '2016-04-08 20:42:44', 1880, 'ubytovací stipendium', 'karta', NULL),
(36, 'vojta', '2016-04-08 20:46:30', -29, 'pojištění', 'karta', NULL),
(37, 'vojta', '2016-04-12 09:04:52', 218.10000610351562, 'vyrovnání s Janou', 'karta', NULL),
(38, 'vojta', '2016-04-22 12:42:41', 4000, 'Výběr', 'hotovost', 267),
(39, 'vojta', '2016-04-25 00:32:13', 20, 'Vyrovnaní od Broskvi', 'hotovost', NULL),
(40, 'vojta', '2016-05-10 14:48:32', 5000, 'od rodičů', 'karta', NULL),
(41, 'vojta', '2016-05-10 14:51:21', -29, 'pojištění', 'karta', NULL),
(42, 'vojta', '2016-05-10 22:37:49', 500, 'Výběr', 'hotovost', 294),
(43, 'vojta', '2016-05-27 03:51:33', 200, 'Výběr', 'hotovost', 324),
(44, 'vojta', '2016-05-29 17:24:23', 500, 'Výběr', 'hotovost', 329),
(45, 'vojta', '2016-06-06 00:10:03', -29, 'pojištění', 'karta', NULL),
(46, 'vojta', '2016-06-09 01:46:49', 412.95001220703125, 'vyrovnání s Janou', 'karta', NULL),
(47, 'vojta', '2016-06-19 04:12:08', 200, 'Vyrovnaní s Kodym a Gingem na Bernyho svícu', 'hotovost', NULL),
(48, 'vojta', '2016-06-26 00:10:00', 200, 'Výběr', 'hotovost', 363),
(49, 'vojta', '2016-06-28 16:59:37', 200, 'Výběr', 'hotovost', 366),
(50, 'vojta', '2016-07-07 22:07:01', 3000, 'Od rodiču', 'karta', NULL),
(51, 'vojta', '2016-07-11 19:56:54', 2800, 'výplata červen', 'karta', NULL),
(52, 'vojta', '2016-07-11 19:57:12', 2090, 'ubytovací stipendium', 'karta', NULL),
(53, 'vojta', '2016-07-11 19:59:07', -29, 'pojištění červenec', 'karta', NULL),
(54, 'vojta', '2016-07-17 15:32:10', 369, 'lidl zpět za boty', 'hotovost', NULL),
(55, 'vojta', '2016-07-23 16:04:27', 869, 'zpět za sako - Tesco', 'hotovost', NULL),
(56, 'vojta', '2016-07-24 14:25:50', -2800, 'výplata rodičům', 'karta', NULL),
(57, 'vojta', '2016-08-11 21:02:55', -29, 'pojištění', 'karta', NULL),
(58, 'vojta', '2016-08-25 21:02:02', 10000, 'Od rodičů (KCK)', 'karta', NULL),
(59, 'vojta', '2016-09-03 12:45:07', -29, 'pojištění', 'karta', NULL),
(60, 'vojta', '2016-09-12 14:26:38', 1500, 'Výběr', 'hotovost', 414),
(61, 'vojta', '2016-09-12 17:57:11', 9160, 'Od rodičů (KCK)', 'karta', NULL),
(62, 'vojta', '2016-09-14 09:51:45', -29, 'Poplatek za kartu', 'karta', NULL),
(63, 'vojta', '2016-09-23 12:46:36', 400, 'stravenky', 'hotovost', NULL),
(64, 'vojta', '2016-09-28 12:37:58', 100, 'Od rodičů', 'hotovost', NULL),
(65, 'vojta', '2016-09-29 13:10:39', 81, 'Vyrovnání s Janou', 'hotovost', NULL),
(66, 'vojta', '2016-09-29 19:34:45', 0, 'zkouška', 'karta', NULL),
(67, 'vojta', '2016-10-02 22:52:37', 2000, 'Výběr', 'hotovost', 445),
(68, 'vojta', '2016-10-02 23:49:46', 100, 'vyrovnání s Vojtou za wifi-routr', 'hotovost', NULL),
(69, 'vojta', '2016-10-06 14:16:34', -29, 'pojištění', 'karta', NULL),
(70, 'vojta', '2016-10-13 12:40:52', 3000, 'Výběr', 'hotovost', 460),
(71, 'vojta', '2016-10-30 22:22:21', 7, 'Výběr', 'hotovost', 482),
(72, 'vojta', '2016-11-07 17:02:17', 7000, 'od rodičů', 'karta', NULL),
(73, 'vojta', '2016-11-10 14:46:51', -29, 'pojištění listopad', 'karta', NULL),
(74, 'vojta', '2016-11-15 21:10:48', 2740, 'Výběr', 'hotovost', 505),
(75, 'vojta', '2016-11-24 19:45:05', 1000, 'Výběr', 'hotovost', 525),
(76, 'vojta', '2016-11-27 03:11:19', -29, 'Poplatek za výběr (1000)', 'karta', NULL),
(77, 'vojta', '2016-12-05 17:57:47', 7000, 'od rodičů', 'karta', NULL),
(78, 'vojta', '2016-12-05 17:58:58', -29, 'pojištění prosinec', 'karta', NULL),
(79, 'vojta', '2016-12-07 00:02:00', 20, 'od Broskvy', 'hotovost', NULL),
(80, 'vojta', '2016-12-08 17:36:14', 4000, 'Výběr', 'hotovost', 543),
(81, 'vojta', '2016-12-19 12:59:56', 1500, 'Výběr', 'hotovost', 564),
(82, 'vojta', '2016-12-21 00:05:42', 350, 'od Vojcka za Cimrmana', 'hotovost', NULL),
(83, 'vojta', '2017-01-03 00:33:02', 8000, 'od rodičů', 'karta', NULL),
(84, 'vojta', '2017-01-06 00:36:15', 1850, 'ubytovací stipendium', 'karta', NULL),
(85, 'vojta', '2017-01-06 00:37:11', -29, 'pojištění leden', 'karta', NULL),
(86, 'vojta', '2017-01-20 13:48:53', 3000, 'Výběr', 'hotovost', 592),
(87, 'vojta', '2017-02-01 21:08:17', 3000, 'Výběr', 'hotovost', 608),
(88, 'vojta', '2017-02-01 21:09:45', 8000, 'od rodičů', 'karta', NULL),
(89, 'vojta', '2017-02-19 17:21:18', -29, 'pojištění únor', 'karta', NULL),
(90, 'vojta', '2017-03-03 00:40:46', 8000, 'Od rodičů', 'karta', NULL),
(91, 'vojta', '2017-03-13 15:08:40', 3500, 'Výběr', 'hotovost', 661),
(92, 'vojta', '2017-03-28 19:56:32', 58, 'od Broskvy', 'hotovost', NULL),
(93, 'vojta', '2017-04-03 20:53:03', 8000, 'od rodičů', 'karta', NULL),
(94, 'vojta', '2017-04-05 18:02:35', 199, 'Výběr', 'hotovost', 719),
(95, 'vojta', '2017-04-10 13:14:27', 1000, 'od rodičů', 'karta', NULL),
(96, 'vojta', '2017-04-10 13:15:12', 1900, 'ČVUT ubytko', 'karta', NULL),
(97, 'vojta', '2017-04-17 22:59:26', 300, 'od rodičů', 'hotovost', NULL),
(98, 'vojta', '2017-05-02 22:08:00', 1600, 'Výběr', 'hotovost', 756),
(99, 'vojta', '2017-05-11 00:04:18', 8000, 'od rodičů', 'karta', NULL),
(100, 'vojta', '2017-07-02 16:14:58', 1000, 'od rodičů', 'karta', NULL),
(101, 'vojta', '2017-07-10 17:58:29', 2090, 'ubytko', 'karta', NULL),
(102, 'vojta', '2017-07-28 19:29:56', 200, 'od rodičů', 'hotovost', NULL),
(103, 'vojta', '2017-08-15 20:43:08', 3000, 'od rodičů', 'karta', NULL),
(104, 'vojta', '2017-08-20 16:43:00', 536.3599853515625, 'Výběr', 'hotovost', 878),
(105, 'vojta', '2017-08-27 11:25:22', 3000, 'Od rodičů', 'karta', NULL),
(106, 'vojta', '2017-08-26 19:10:00', 303, 'Výběr', 'hotovost', 891),
(107, 'vojta', '2017-08-27 15:21:37', -9, 'ujištění stavu účtu v bankomatu', 'karta', NULL),
(128, 'jana', '2016-03-01 21:20:00', 8517.9697265625, 'počáteční stav', 'karta', NULL),
(129, 'jana', '2016-03-01 21:27:51', 5308, 'počáteční stav', 'hotovost', NULL),
(130, 'jana', '2016-04-04 21:11:43', 1800, 'Ubytovaci stipendium UK', 'karta', NULL),
(131, 'jana', '2016-04-18 20:06:39', 359.8999938964844, 'Vojta vraceni penez', 'karta', NULL),
(132, 'jana', '2016-04-20 18:12:19', 10000, 'Rodice ', 'karta', NULL),
(133, 'jana', '2016-05-04 16:36:50', 200, 'Vraceni cast penez SADBA', 'hotovost', NULL),
(134, 'jana', '2016-07-07 21:34:01', 7000, 'Rodice - 20.5.2016', 'karta', NULL),
(135, 'jana', '2016-07-07 21:34:59', 1800, 'Ubytovaci stipendium - 29.06.2016', 'karta', NULL),
(136, 'jana', '2016-07-07 21:35:52', 4117, 'Plskova vraceni penez - 4.7.2016', 'karta', NULL),
(137, 'jana', '2016-07-07 21:59:12', 120, 'Vraceni za divadlo - 30.5', 'karta', NULL),
(138, 'jana', '2016-09-07 15:33:00', 2000, 'Výběr', 'hotovost', 1165),
(139, 'jana', '2016-09-30 21:15:02', 600, 'Ubytovaci stipendium UK', 'karta', NULL),
(140, 'jana', '2016-11-12 19:43:44', 10000, 'Dar rodicu', 'karta', NULL),
(141, 'jana', '2016-11-14 21:06:46', 3000, 'Výběr', 'hotovost', 1267),
(144, 'vojta', '2017-09-10 17:36:10', 300, 'od rodičů', 'hotovost', NULL),
(145, 'vojta', '2017-09-14 08:50:42', 3000, 'od rodičů', 'karta', NULL),
(147, 'vojta', '2017-09-20 12:10:00', 901, 'Výběr', 'hotovost', 1301),
(148, 'vojta', '2017-09-23 23:08:00', 512, 'Výběr', 'hotovost', 1307);

--
-- Vypisuji data pro tabulku `utrata_check_state`
--

INSERT INTO `utrata_check_state` (`ID`, `UserID`, `typ`, `checked`, `value`) VALUES
(1, 'vojta', 'karta', '2016-07-24 14:28:24', 0),
(2, 'vojta', 'hotovost', '2016-07-24 14:29:40', 0),
(3, 'vojta', 'karta', '2016-07-28 20:01:15', 0),
(4, 'vojta', 'hotovost', '2016-07-28 20:01:24', 0),
(5, 'vojta', 'hotovost', '2016-07-31 00:18:40', 0),
(6, 'vojta', 'hotovost', '2016-07-31 00:18:45', 0),
(7, 'vojta', 'karta', '2016-07-31 00:19:20', 0),
(8, 'vojta', 'hotovost', '2016-07-31 00:19:22', 0),
(9, 'vojta', 'karta', '2016-07-31 00:19:24', 0),
(10, 'vojta', 'karta', '2016-08-11 21:03:32', 0),
(11, 'vojta', 'karta', '2016-08-11 21:03:35', 0),
(12, 'vojta', 'karta', '2016-08-11 22:04:19', 0),
(13, 'vojta', 'karta', '2016-08-11 22:04:21', 0),
(14, 'vojta', 'karta', '2016-08-11 22:04:23', 0),
(15, 'vojta', 'karta', '2016-08-11 22:04:24', 0),
(16, 'vojta', 'karta', '2016-08-11 22:04:47', 0),
(17, 'vojta', 'karta', '2016-08-11 22:04:52', 0),
(18, 'vojta', 'karta', '2016-08-11 22:04:54', 0),
(19, 'vojta', 'karta', '2016-08-11 22:04:56', 0),
(20, 'vojta', 'karta', '2016-08-11 22:04:56', 0),
(21, 'vojta', 'karta', '2016-08-11 22:04:59', 0),
(22, 'vojta', 'karta', '2016-08-11 22:05:03', 0),
(23, 'vojta', 'karta', '2016-08-11 22:13:06', 0),
(24, 'vojta', 'karta', '2016-08-11 22:13:07', 0),
(25, 'vojta', 'karta', '2016-08-19 23:34:09', 0),
(26, 'vojta', 'hotovost', '2016-09-03 12:45:41', 0),
(27, 'vojta', 'hotovost', '2016-09-05 22:03:06', 0),
(28, 'vojta', 'hotovost', '2016-09-05 22:03:14', 0),
(29, 'vojta', 'karta', '2016-09-05 22:04:01', 0),
(30, 'vojta', 'karta', '2016-09-05 22:04:04', 0),
(31, 'vojta', 'karta', '2016-09-12 17:59:49', 0),
(32, 'vojta', 'karta', '2016-09-12 17:59:57', 0),
(33, 'vojta', 'karta', '2016-09-12 18:00:00', 0),
(34, 'vojta', 'hotovost', '2016-09-12 18:00:10', 0),
(35, 'vojta', 'hotovost', '2016-09-12 18:00:14', 0),
(36, 'vojta', 'karta', '2016-09-14 09:52:12', 0),
(37, 'vojta', 'karta', '2016-09-18 23:38:03', 0),
(38, 'vojta', 'karta', '2016-09-18 23:38:11', 0),
(39, 'vojta', 'karta', '2016-09-21 23:47:27', 0),
(40, 'vojta', 'karta', '2016-09-21 23:47:29', 0),
(41, 'vojta', 'karta', '2016-09-21 23:47:29', 0),
(42, 'vojta', 'karta', '2016-09-22 00:07:13', 15168.9599609375),
(43, 'vojta', 'karta', '2016-09-22 00:07:14', 15168.9599609375),
(44, 'vojta', 'karta', '2016-09-22 00:11:28', 15168.96),
(45, 'vojta', 'karta', '2016-09-22 00:11:31', 15168.96),
(46, 'vojta', 'karta', '2016-09-22 12:35:52', 15029.96),
(47, 'vojta', 'hotovost', '2016-09-22 12:57:00', 194),
(48, 'vojta', 'karta', '2016-09-22 19:13:49', 15029.96),
(49, 'vojta', 'karta', '2016-09-22 19:13:51', 15029.96),
(50, 'vojta', 'hotovost', '2016-09-23 10:34:53', 114),
(51, 'vojta', 'hotovost', '2016-09-26 18:26:20', 514),
(52, 'vojta', 'karta', '2016-09-26 18:29:12', 13737.96),
(53, 'vojta', 'karta', '2016-09-26 18:29:16', 13737.96),
(54, 'vojta', 'karta', '2016-09-27 18:33:06', 13454.96),
(55, 'vojta', 'hotovost', '2016-09-28 12:38:33', 410),
(56, 'vojta', 'hotovost', '2016-09-29 13:11:11', 437),
(57, 'vojta', 'karta', '2016-09-29 13:12:14', 13215.26),
(58, 'vojta', 'hotovost', '2016-09-29 19:02:29', 317),
(59, 'vojta', 'hotovost', '2016-09-29 19:02:30', 317),
(60, 'vojta', 'karta', '2016-10-02 14:38:09', 11767.36),
(61, 'vojta', 'hotovost', '2016-10-03 19:57:11', 1073),
(62, 'vojta', 'karta', '2016-10-03 19:58:19', 9400.76),
(63, 'vojta', 'karta', '2016-10-03 19:58:22', 9400.76),
(64, 'vojta', 'hotovost', '2016-10-06 13:52:35', 873),
(65, 'vojta', 'hotovost', '2016-10-06 13:52:39', 873),
(66, 'vojta', 'karta', '2016-10-06 14:16:51', 8743.6),
(67, 'vojta', 'karta', '2016-10-06 14:16:53', 8743.6),
(68, 'vojta', 'hotovost', '2016-10-10 18:00:08', 873),
(69, 'vojta', 'karta', '2016-10-10 18:01:29', 8158.44),
(70, 'vojta', 'karta', '2016-10-11 21:56:27', 8040.54),
(71, 'vojta', 'karta', '2016-10-12 22:00:50', 7857.75),
(72, 'vojta', 'hotovost', '2016-10-13 13:22:09', 1173),
(73, 'vojta', 'karta', '2016-10-13 13:23:18', 4857.75),
(74, 'vojta', 'karta', '2016-10-18 16:48:10', 4156.35),
(75, 'vojta', 'hotovost', '2016-10-18 16:51:06', 1159),
(76, 'vojta', 'hotovost', '2016-10-19 20:55:17', 1030),
(77, 'vojta', 'hotovost', '2016-10-27 20:52:39', 888),
(78, 'vojta', 'karta', '2016-10-27 20:57:14', 2837.68),
(79, 'vojta', 'karta', '2016-10-30 23:00:16', 2602.98),
(80, 'vojta', 'hotovost', '2016-10-30 23:01:59', 895),
(81, 'vojta', 'karta', '2016-11-01 12:58:29', 2293.62),
(82, 'vojta', 'hotovost', '2016-11-10 14:42:42', 255),
(83, 'vojta', 'hotovost', '2016-11-12 18:13:39', 218),
(84, 'vojta', 'karta', '2016-11-15 22:11:38', 4065.95),
(85, 'vojta', 'karta', '2016-11-19 19:28:27', 3499.86),
(86, 'vojta', 'karta', '2016-11-24 13:30:49', 3221.32),
(87, 'vojta', 'hotovost', '2016-11-24 13:35:30', 115),
(88, 'vojta', 'karta', '2016-11-27 03:22:14', 2192.32),
(89, 'vojta', 'karta', '2016-11-30 17:15:55', 1789.97),
(90, 'vojta', 'karta', '2016-12-05 17:59:10', 7879.33),
(91, 'vojta', 'karta', '2016-12-10 15:35:27', 3332.73),
(92, 'vojta', 'karta', '2016-12-11 22:39:52', 3126.73),
(93, 'vojta', 'hotovost', '2016-12-11 22:42:59', 3803),
(94, 'vojta', 'karta', '2016-12-13 11:26:48', 3072.93),
(95, 'vojta', 'hotovost', '2016-12-13 11:26:49', 1103),
(96, 'vojta', 'hotovost', '2016-12-14 12:12:38', 889),
(97, 'vojta', 'karta', '2016-12-14 12:12:39', 2957.43),
(98, 'vojta', 'hotovost', '2016-12-21 00:17:52', 1742),
(99, 'vojta', 'karta', '2016-12-24 12:27:59', 15.79),
(100, 'vojta', 'karta', '2017-01-03 00:33:12', 7437.79),
(101, 'vojta', 'hotovost', '2017-01-03 00:33:13', 1487),
(102, 'vojta', 'karta', '2017-01-06 00:37:19', 8924.7),
(103, 'vojta', 'karta', '2017-01-07 15:13:17', 8881.5),
(104, 'vojta', 'hotovost', '2017-01-07 15:13:41', 1442),
(105, 'vojta', 'hotovost', '2017-01-20 23:24:27', 1522),
(106, 'vojta', 'karta', '2017-01-20 23:25:04', 3971.05),
(107, 'vojta', 'karta', '2017-01-24 16:55:09', 2159.85),
(108, 'vojta', 'hotovost', '2017-01-24 16:55:11', 1502),
(109, 'vojta', 'karta', '2017-01-24 17:48:36', 1019.85),
(110, 'vojta', 'hotovost', '2017-02-01 21:09:00', 4429),
(111, 'vojta', 'karta', '2017-02-01 21:11:55', 5669.35),
(112, 'vojta', 'karta', '2017-02-19 17:21:26', 4182.98),
(113, 'vojta', 'hotovost', '2017-02-22 15:12:28', 1181),
(114, 'vojta', 'karta', '2017-02-22 23:59:20', 3324.11),
(115, 'vojta', 'hotovost', '2017-03-03 00:39:16', 751),
(116, 'vojta', 'karta', '2017-03-03 00:40:10', 2127.03),
(117, 'vojta', 'karta', '2017-03-08 18:32:20', 9015.53),
(118, 'vojta', 'karta', '2017-03-12 22:14:52', 8923.33),
(119, 'vojta', 'hotovost', '2017-03-12 22:15:12', 246),
(120, 'vojta', 'hotovost', '2017-03-17 11:27:54', 881),
(121, 'vojta', 'hotovost', '2017-03-28 19:59:23', 381),
(122, 'vojta', 'karta', '2017-03-28 20:37:55', 1838.87),
(123, 'vojta', 'karta', '2017-04-03 00:09:24', 1323.12),
(124, 'vojta', 'karta', '2017-04-03 20:53:24', 8494.22),
(125, 'vojta', 'hotovost', '2017-04-03 21:53:33', 200),
(126, 'vojta', 'hotovost', '2017-04-10 13:11:43', 219),
(127, 'vojta', 'karta', '2017-04-10 13:15:18', 10920.66),
(128, 'vojta', 'karta', '2017-04-18 17:27:45', 7330.71),
(129, 'vojta', 'hotovost', '2017-04-18 17:28:05', 302),
(130, 'vojta', 'karta', '2017-05-02 23:10:13', 3483.01),
(131, 'vojta', 'karta', '2017-05-11 00:04:25', 9683.9),
(132, 'vojta', 'karta', '2017-05-21 20:48:15', 6042.06),
(133, 'vojta', 'karta', '2017-06-03 12:57:34', 4477.42),
(134, 'vojta', 'karta', '2017-06-09 17:30:40', 4034.49),
(135, 'vojta', 'karta', '2017-06-09 18:03:12', 1334.49),
(136, 'vojta', 'karta', '2017-06-20 21:41:42', 721.1),
(137, 'vojta', 'karta', '2017-07-02 16:14:36', 4324.05),
(138, 'vojta', 'karta', '2017-07-10 17:58:54', 1852.55),
(256, 'jana', 'karta', '2016-09-06 14:15:44', 0),
(257, 'jana', 'hotovost', '2016-09-06 14:15:44', 0),
(259, 'petka', 'karta', '2016-07-28 19:48:50', 0),
(260, 'petka', 'hotovost', '2016-07-28 19:48:50', 0),
(262, 'michal', 'karta', '2016-09-06 14:15:44', 0),
(263, 'michal', 'hotovost', '2016-09-06 14:15:44', 0),
(265, 'broskev', 'karta', '0000-00-00 00:00:00', 0),
(266, 'broskev', 'hotovost', '0000-00-00 00:00:00', 0),
(267, 'broskev', 'hotovost', '2016-11-21 21:32:16', 350000),
(268, 'broskev', 'hotovost', '2016-11-21 21:32:16', 350000),
(269, 'broskev', 'hotovost', '2016-11-21 21:32:17', 350000),
(270, 'broskev', 'hotovost', '2016-11-21 21:32:18', 350000),
(271, 'broskev', 'hotovost', '2016-11-21 21:32:19', 350000),
(272, 'broskev', 'hotovost', '2016-11-21 21:32:20', 350000),
(273, 'broskev', 'hotovost', '2016-11-21 21:32:22', 350000),
(274, 'broskev', 'hotovost', '2016-11-21 21:32:23', 350000),
(275, 'broskev', 'hotovost', '2016-11-21 21:32:23', 350000),
(276, 'broskev', 'hotovost', '2016-11-21 21:32:25', 350000),
(277, 'broskev', 'hotovost', '2016-11-21 21:32:26', 350000),
(281, 'vojta', 'hotovost', '2017-09-03 22:52:09', 137.68),
(282, 'vojta', 'hotovost', '2017-09-03 22:52:21', 137.68),
(283, 'vojta', 'hotovost', '2017-09-03 22:52:28', 137.68),
(284, 'vojta', 'hotovost', '2017-09-10 17:41:03', 286.68),
(291, 'vojta', 'hotovost', '2017-09-13 22:48:01', 198.68),
(296, 'english', 'karta', '0000-00-00 00:00:00', 0),
(297, 'english', 'hotovost', '0000-00-00 00:00:00', 0),
(298, 'vojta', 'hotovost', '2017-09-20 16:04:48', 929.68),
(299, 'vojta', 'hotovost', '2017-09-25 22:52:44', 1312.68),
(300, 'vojta', 'hotovost', '2017-10-01 17:00:02', 1286.68);

--
-- Vypisuji data pro tabulku `utrata_items`
--

INSERT INTO `utrata_items` (`ID`, `UserID`, `nazev`, `popis`, `cena`, `kurz`, `datum`, `pozn`, `platnost`, `typ`, `vyber`, `odepsat`) VALUES
(1, 'vojta', 'Kalhoty', 'Lidl', 299, 1, '2015-09-25 19:52:48', 5, 0, 'karta', 0, 0),
(2, 'vojta', 'Kaufland', 'rohlíky a klobásy', 104.3, 1, '2015-09-28 02:50:12', 1, 0, 'karta', 0, 0),
(3, 'vojta', 'Lidl', 'nákup rodičů', 332.41, 1, '2015-09-29 19:18:48', 1, 0, 'karta', 0, 0),
(4, 'vojta', 'paralen', '', 39, 1, '2015-10-01 19:22:25', 5, 0, 'karta', 0, 0),
(5, 'vojta', 'Billa', 'pečivo & pití', 119.97, 1, '2015-10-01 19:22:49', 1, 0, 'karta', 0, 0),
(6, 'vojta', 'Dar', 'odepsat', 100, 1, '2015-10-01 19:23:14', 5, 0, 'hotovost', 0, 1),
(7, 'vojta', 'Lístek na vlak', 'Zlín Expres 19:19', 176, 1, '2015-10-02 14:16:32', 5, 0, 'karta', 0, 0),
(8, 'vojta', 'Lidl', 'pití', 15.8, 1, '2015-10-02 16:41:15', 1, 0, 'karta', 0, 0),
(9, 'vojta', 'Billa', 'jídlo na cestu vlakem', 41.6, 1, '2015-10-03 00:04:30', 1, 0, 'karta', 0, 0),
(10, 'vojta', 'Lístek na vlak', 'Zlínský Expres 5:13', 176, 1, '2015-10-03 00:26:29', 5, 0, 'karta', 0, 0),
(11, 'vojta', 'Kaufland', 'pečivo a ovoce', 90.6, 1, '2015-10-04 20:46:57', 1, 0, 'karta', 0, 0),
(12, 'vojta', 'Albert', 'svačina', 77.6, 1, '2015-10-06 20:20:17', 1, 0, 'karta', 0, 0),
(13, 'vojta', 'Albert', 'mýdlo', 41.9, 1, '2015-10-06 20:20:37', 5, 0, 'karta', 0, 0),
(14, 'vojta', 'Albert', 'doplnění potravin', 174.4, 1, '2015-10-06 20:21:03', 1, 0, 'karta', 0, 0),
(15, 'vojta', 'Albert', 'svačina', 46.3, 1, '2015-10-07 21:56:32', 1, 0, 'karta', 0, 0),
(16, 'vojta', 'Kaufland', '', 15.5, 1, '2015-10-07 21:56:57', 1, 0, 'karta', 0, 0),
(17, 'vojta', 'Kaufland', 'sluchátka', 88.9, 1, '2015-10-07 21:57:40', 1, 0, 'karta', 0, 0),
(18, 'vojta', 'Albert', '', 118.5, 1, '2015-10-09 17:44:44', 1, 0, 'karta', 0, 0),
(19, 'vojta', 'TS-Bohemia', 'batoh na ntb', 507, 1, '2015-10-09 17:45:10', 5, 0, 'karta', 0, 0),
(20, 'vojta', 'Lidl', 'Doplnění potravin', 183.3, 1, '2015-10-11 20:29:04', 1, 0, 'karta', 0, 0),
(21, 'vojta', 'Oběd', '', 85, 1, '2015-10-12 16:20:46', 1, 0, 'hotovost', 0, 0),
(22, 'vojta', 'Albert', 'mléko', 17.9, 1, '2015-10-13 13:29:16', 1, 0, 'karta', 0, 0),
(23, 'vojta', 'Sluchátka', 'odepsat', 604, 1, '2015-10-13 13:29:41', 5, 0, 'karta', 0, 1),
(24, 'vojta', 'Albert', 'Albert je od nás kousek', 76.6, 1, '2015-10-13 21:26:32', 1, 0, 'karta', 0, 0),
(25, 'vojta', 'Oběd', '', 35, 1, '2015-10-14 19:51:31', 1, 0, 'hotovost', 0, 0),
(26, 'vojta', 'Kaufland', 'Doplnění zásob', 140.4, 1, '2015-10-14 19:52:46', 1, 0, 'karta', 0, 0),
(27, 'vojta', 'Albert', '', 67.7, 1, '2015-10-15 18:58:04', 1, 0, 'karta', 0, 0),
(28, 'vojta', 'vlak', '', 352, 1, '2015-10-16 08:38:58', 5, 0, 'karta', 0, 0),
(29, 'vojta', 'Mycí prostředek', '', 10, 1, '2015-10-17 22:47:22', 5, 0, 'hotovost', 0, 0),
(30, 'vojta', 'Lidl', 'doplnění zásob', 200.2, 1, '2015-10-18 20:50:02', 1, 0, 'karta', 0, 0),
(31, 'vojta', 'Albert', 'klobásky ;-)', 49.9, 1, '2015-10-18 20:50:20', 1, 0, 'karta', 0, 0),
(32, 'vojta', 'Lidl', 'jablka', 24.9, 1, '2015-10-20 12:15:53', 1, 0, 'karta', 0, 0),
(33, 'vojta', 'Lidl', 'Džus', 17.9, 1, '2015-10-20 12:16:16', 1, 0, 'karta', 0, 0),
(34, 'vojta', 'Večeře', 'bageta', 45.9, 1, '2015-10-20 20:41:40', 1, 0, 'karta', 0, 0),
(35, 'vojta', 'Lidl', 'rohlíky', 10.5, 1, '2015-10-22 17:42:25', 1, 0, 'karta', 0, 0),
(36, 'vojta', 'Albert', 'oběd', 45.9, 1, '2015-10-22 17:42:36', 1, 0, 'karta', 0, 0),
(37, 'vojta', 'Lidl', 'potraviny', 47.7, 1, '2015-10-22 17:43:04', 1, 0, 'karta', 0, 0),
(38, 'vojta', 'Lidl', 'mikins', 249, 1, '2015-10-22 17:43:26', 5, 0, 'karta', 0, 0),
(39, 'vojta', 'Bunda Janě', 'vrátí mi hotovost - nezapisovat!', 799, 1, '2015-10-22 20:11:45', 5, 0, 'karta', 0, 0),
(40, 'vojta', 'Penny', 'svačina na cestu domů', 36.4, 1, '2015-10-25 22:57:50', 1, 0, 'karta', 0, 0),
(41, 'vojta', 'Lidl', 'zásoby na zimu', 106.5, 1, '2015-10-25 22:58:08', 1, 0, 'karta', 0, 0),
(42, 'vojta', 'Albert', '', 35.7, 1, '2015-10-25 22:58:35', 1, 0, 'karta', 0, 0),
(43, 'vojta', 'Vklad', 'menza', 200, 1, '2015-10-27 07:00:59', 1, 0, 'hotovost', 0, 0),
(44, 'vojta', 'Kaufland', '', 87.3, 1, '2015-10-27 21:52:10', 1, 0, 'karta', 0, 0),
(45, 'vojta', 'Hospoda', 'Do hospody s umytýma nohama aneb Vojtové se šli bavit', 35, 1, '2015-10-29 01:08:31', 1, 0, 'hotovost', 0, 0),
(46, 'vojta', 'bageta', '', 29, 1, '2015-10-29 21:48:45', 1, 0, 'hotovost', 0, 0),
(47, 'vojta', 'Lidl', '', 216, 1, '2015-10-29 21:50:26', 1, 0, 'karta', 0, 0),
(48, 'vojta', 'Lidl', '', 41.4, 1, '2015-10-30 19:40:30', 1, 0, 'karta', 0, 0),
(49, 'vojta', 'Lidl', 'holící strojek', 699, 1, '2015-10-30 19:40:43', 5, 0, 'karta', 0, 0),
(50, 'vojta', 'Billa', 'vajíčka', 59.8, 1, '2015-11-01 17:19:15', 1, 0, 'karta', 0, 0),
(51, 'vojta', 'Albert', 'zásoby', 194.9, 1, '2015-11-01 17:19:58', 1, 0, 'karta', 0, 0),
(52, 'vojta', 'Albert', 'bageta', 45.9, 1, '2015-11-02 21:30:33', 1, 0, 'karta', 0, 0),
(53, 'vojta', 'Kaufland', 'polévky', 76.2, 1, '2015-11-02 21:30:52', 1, 0, 'karta', 0, 0),
(54, 'vojta', 'Albert', 'rohlíky', 16.9, 1, '2015-11-04 19:46:56', 1, 0, 'karta', 0, 0),
(55, 'vojta', 'Albert', 'mléko a cornflaky', 53.6, 1, '2015-11-05 15:45:05', 1, 0, 'karta', 0, 0),
(56, 'vojta', 'Lidl', '', 85.1, 1, '2015-11-06 17:26:36', 1, 0, 'karta', 0, 0),
(57, 'vojta', 'Tesco', 'žvýkačky', 12.5, 1, '2015-11-07 16:49:17', 1, 0, 'karta', 0, 0),
(58, 'vojta', 'Albert', 'zítřejší snídaně a dnešní večeře', 92.1, 1, '2015-11-07 16:49:46', 1, 0, 'karta', 0, 0),
(59, 'vojta', 'Billa', 'Ariel', 159.9, 1, '2015-11-08 14:26:56', 5, 0, 'karta', 0, 0),
(60, 'vojta', 'Albert', 'večeře', 63.8, 1, '2015-11-09 07:08:31', 1, 0, 'karta', 0, 0),
(61, 'vojta', 'Sprchový gel', '', 39.9, 1, '2015-11-09 07:08:57', 5, 0, 'karta', 0, 0),
(62, 'vojta', 'Lidl', 'pití', 5.9, 1, '2015-11-09 21:29:30', 1, 0, 'karta', 0, 0),
(63, 'vojta', 'Datart', 'odepsat', 199, 1, '2015-11-09 21:30:18', 5, 0, 'karta', 0, 1),
(64, 'vojta', 'Albert', 'svačinka', 33.8, 1, '2015-11-10 12:56:19', 1, 0, 'karta', 0, 0),
(65, 'vojta', 'Pivo', 'odepsat', 40.7, 1, '2015-11-11 19:24:39', 1, 0, 'karta', 0, 1),
(66, 'vojta', 'Billa', 'klobásky a mléko', 139.1, 1, '2015-11-11 19:24:56', 1, 0, 'karta', 0, 0),
(67, 'vojta', 'Lidl', 'večeře', 71.3, 1, '2015-11-12 19:08:40', 1, 0, 'karta', 0, 0),
(68, 'vojta', 'Albert', 'pamlsky ;-)', 21.8, 1, '2015-11-12 19:09:00', 1, 0, 'karta', 0, 0),
(69, 'vojta', 'vlak', '', 176, 1, '2015-11-12 20:13:33', 5, 0, 'karta', 0, 0),
(70, 'vojta', 'Billa', 'toaletak', 39.8, 1, '2015-11-13 16:11:59', 5, 0, 'karta', 0, 0),
(71, 'vojta', 'Lidl', '', 35.8, 1, '2015-11-15 10:59:09', 1, 0, 'karta', 0, 0),
(72, 'vojta', 'vlak', '', 176, 1, '2015-11-15 10:59:20', 5, 0, 'karta', 0, 0),
(73, 'vojta', 'Kaufland', 'jídlo na cestu', 40.8, 1, '2015-11-15 22:51:30', 1, 0, 'karta', 0, 0),
(74, 'vojta', 'Menza', 'vklad', 500, 1, '2015-11-16 12:11:42', 1, 0, 'hotovost', 0, 0),
(75, 'vojta', 'Tesco', 'pití', 9.9, 1, '2015-11-16 12:12:06', 1, 0, 'karta', 0, 0),
(76, 'vojta', 'Kaufland', '', 132.9, 1, '2015-11-16 22:37:13', 1, 0, 'karta', 0, 0),
(77, 'vojta', 'Billa', '', 126.3, 1, '2015-11-18 18:53:35', 1, 0, 'karta', 0, 0),
(78, 'vojta', 'Albert', '', 65.8, 1, '2015-11-20 17:22:43', 1, 0, 'karta', 0, 0),
(79, 'vojta', 'Čínské bistro', '', 105, 1, '2015-11-21 13:28:00', 1, 0, 'hotovost', 0, 0),
(80, 'vojta', 'Lidl', '', 194.3, 1, '2015-11-21 14:43:58', 1, 0, 'karta', 0, 0),
(81, 'vojta', 'Lidl', 'šroubováky a sprch. gel', 139.8, 1, '2015-11-21 14:44:25', 5, 0, 'karta', 0, 0),
(82, 'vojta', 'florbal', 'vstupne', 100, 1, '2015-11-22 21:39:20', 5, 0, 'hotovost', 0, 0),
(83, 'vojta', 'večeře', '', 54, 1, '2015-11-23 00:28:04', 1, 0, 'hotovost', 0, 0),
(84, 'vojta', 'Billa', '', 116.58, 1, '2015-11-23 20:19:19', 1, 0, 'karta', 0, 0),
(85, 'vojta', 'Albert', '', 46.7, 1, '2015-11-24 19:12:52', 1, 0, 'karta', 0, 0),
(86, 'vojta', 'Albert', '', 96.7, 1, '2015-11-25 13:50:55', 1, 0, 'karta', 0, 0),
(87, 'vojta', 'Lékárna', 'paralen', 26, 1, '2015-11-25 13:51:08', 5, 0, 'hotovost', 0, 0),
(88, 'vojta', 'Albert', 'velký nákup', 380.9, 1, '2015-11-29 12:11:39', 1, 0, 'karta', 0, 0),
(89, 'vojta', 'Albert', '', 86.7, 1, '2015-11-30 16:59:00', 1, 0, 'karta', 0, 0),
(90, 'vojta', 'Albert', 'pamlsky', 30.8, 1, '2015-11-30 21:21:11', 1, 0, 'karta', 0, 0),
(91, 'vojta', 'Albert', '', 109.1, 1, '2015-12-03 22:58:27', 1, 0, 'karta', 0, 0),
(92, 'vojta', 'Lidl', '', 43.6, 1, '2015-12-03 22:58:39', 1, 0, 'karta', 0, 0),
(93, 'vojta', 'vlak', 'do Olomouce', 146, 1, '2015-12-03 22:58:56', 5, 0, 'karta', 0, 0),
(94, 'vojta', 'vlak', '', 41, 1, '2015-12-05 21:29:55', 5, 0, 'karta', 0, 0),
(95, 'vojta', 'Albert', '', 17.9, 1, '2015-12-05 21:30:12', 1, 0, 'karta', 0, 0),
(96, 'vojta', 'vlak', 'zlín->praha', 176, 1, '2015-12-05 22:34:23', 5, 0, 'karta', 0, 0),
(97, 'vojta', 'Albert', '', 105.3, 1, '2015-12-07 15:37:30', 1, 0, 'karta', 0, 0),
(98, 'vojta', 'Billa', '', 74.6, 1, '2015-12-07 20:25:36', 1, 0, 'karta', 0, 0),
(99, 'vojta', 'Kaufland', 'polévky', 43.1, 1, '2015-12-08 20:54:28', 1, 0, 'karta', 0, 0),
(100, 'vojta', 'Albert', 'klobásky - mňam', 79.3, 1, '2015-12-08 20:54:55', 1, 0, 'karta', 0, 0),
(101, 'vojta', 'Albert', '', 21.8, 1, '2015-12-10 21:42:36', 1, 0, 'karta', 0, 0),
(102, 'vojta', 'HDD', 'Samgung 500GB', 1089, 1, '2015-12-10 21:43:11', 5, 0, 'karta', 0, 0),
(103, 'vojta', 'Lidl', '', 118, 1, '2015-12-10 21:43:22', 1, 0, 'karta', 0, 0),
(104, 'vojta', 'Lidl', '', 115.2, 1, '2015-12-11 19:37:38', 1, 0, 'karta', 0, 0),
(105, 'vojta', 'Lidl', 'džus', 17.9, 1, '2015-12-11 19:37:47', 1, 0, 'karta', 0, 0),
(106, 'vojta', 'Lidl', 'klobásky', 48, 1, '2015-12-11 19:38:02', 1, 0, 'hotovost', 0, 0),
(107, 'vojta', 'Vstupné', 'výstava betlémů', 30, 1, '2015-12-11 19:39:08', 5, 0, 'hotovost', 0, 0),
(108, 'vojta', 'Florbal', 'vstup', 30, 1, '2015-12-14 00:08:14', 5, 0, 'hotovost', 0, 0),
(109, 'vojta', 'Albert', '', 25.9, 1, '2015-12-14 00:08:30', 1, 0, 'karta', 0, 0),
(110, 'vojta', 'Albert', 'večeře', 49.5, 1, '2015-12-14 00:08:52', 1, 0, 'karta', 0, 0),
(111, 'vojta', 'Albert', '', 110.6, 1, '2015-12-14 17:17:04', 1, 0, 'karta', 0, 0),
(112, 'vojta', 'Kaufland', 'polévky', 46.8, 1, '2015-12-15 11:57:02', 1, 0, 'karta', 0, 0),
(113, 'vojta', 'výběr', '', 1000, 1, '2015-12-15 12:50:00', 1, 1, 'karta', 1, 0),
(114, 'vojta', 'ISIC', 'prodloužení platnosti', 150, 1, '2015-12-16 20:40:15', 5, 0, 'hotovost', 0, 0),
(115, 'vojta', 'MHD', '3měsíční jízdenka', 720, 1, '2015-12-16 20:40:48', 5, 0, 'hotovost', 0, 0),
(116, 'vojta', 'Billa', '', 9.9, 1, '2015-12-16 20:41:04', 1, 0, 'karta', 0, 0),
(117, 'vojta', 'Lékárna', 'spray proti smradu', 93, 1, '2015-12-16 20:42:00', 5, 0, 'karta', 0, 0),
(118, 'vojta', 'Večerka', 'Ovoce na cestu', 31, 1, '2015-12-16 20:42:17', 1, 0, 'hotovost', 0, 0),
(119, 'vojta', 'Billa', '', 90.4, 1, '2015-12-16 20:42:26', 1, 0, 'karta', 0, 0),
(120, 'vojta', 'Dárky', 'odepsat', 400, 1, '2015-12-17 13:32:46', 5, 0, 'hotovost', 0, 1),
(121, 'vojta', 'Kafe', '', 50, 1, '2015-12-17 13:34:09', 1, 0, 'karta', 0, 0),
(122, 'vojta', 'výběr', '', 500, 1, '2015-12-17 15:22:29', 1, 1, 'karta', 1, 0),
(123, 'vojta', 'Vlak', '', 176, 1, '2015-12-18 09:53:09', 5, 0, 'karta', 0, 0),
(124, 'vojta', 'Albert', '', 89.2, 1, '2015-12-18 16:36:01', 1, 0, 'karta', 0, 0),
(125, 'vojta', 'Billa', '', 107.46, 1, '2015-12-20 16:20:44', 1, 0, 'karta', 0, 0),
(126, 'vojta', 'odepsat', 'nějaká ztráta', 41, 1, '2015-12-20 16:22:02', 5, 0, 'hotovost', 0, 1),
(127, 'vojta', 'Večerka', 'banán', 11, 1, '2015-12-21 00:04:46', 1, 0, 'hotovost', 0, 0),
(128, 'vojta', 'Florbal', '', 37, 1, '2015-12-21 00:05:28', 5, 0, 'hotovost', 0, 0),
(129, 'vojta', 'Albert', '', 41.7, 1, '2015-12-21 00:05:40', 1, 0, 'karta', 0, 0),
(130, 'vojta', 'Kaufland', '', 22.4, 1, '2015-12-23 00:41:06', 1, 0, 'karta', 0, 0),
(131, 'vojta', 'gyros', '', 37, 1, '2015-12-24 00:57:26', 1, 0, 'hotovost', 0, 0),
(132, 'vojta', 'vlak', '', 176, 1, '2016-01-04 09:31:40', 5, 0, 'karta', 0, 0),
(133, 'vojta', 'Albert', '', 138, 1, '2016-01-04 15:48:56', 1, 0, 'karta', 0, 0),
(134, 'vojta', 'bageta', '', 33, 1, '2016-01-06 22:02:24', 1, 0, 'hotovost', 0, 0),
(135, 'vojta', 'albert', 'večerní nákup', 59.4, 1, '2016-01-08 00:32:07', 1, 0, 'karta', 0, 0),
(136, 'vojta', 'Albert', '', 38.6, 1, '2016-01-08 16:27:40', 1, 0, 'karta', 0, 0),
(137, 'vojta', 'Albert', '', 49.7, 1, '2016-01-08 16:27:53', 1, 0, 'karta', 0, 0),
(138, 'vojta', 'Albert', 'zásoby', 365.4, 1, '2016-01-09 19:54:48', 1, 0, 'karta', 0, 0),
(139, 'vojta', 'Florbal', '', 45, 1, '2016-01-11 12:47:28', 5, 0, 'hotovost', 0, 0),
(140, 'vojta', 'Albert', '', 86.68, 1, '2016-01-11 12:47:46', 1, 0, 'karta', 0, 0),
(141, 'vojta', 'Billa', '', 86, 1, '2016-01-11 18:39:09', 1, 0, 'karta', 0, 0),
(142, 'vojta', 'Lidl', '', 19.9, 1, '2016-01-12 12:30:15', 1, 0, 'karta', 0, 0),
(143, 'vojta', 'Kung-pao', '', 84, 1, '2016-01-12 12:41:50', 1, 0, 'hotovost', 0, 0),
(144, 'vojta', 'Albert', '', 107.15, 1, '2016-01-13 11:13:04', 1, 0, 'karta', 0, 0),
(145, 'vojta', 'Albert', '', 250.1, 1, '2016-01-15 16:52:24', 1, 0, 'karta', 0, 0),
(146, 'vojta', 'Billa', '', 74.7, 1, '2016-01-16 20:13:04', 1, 0, 'karta', 0, 0),
(147, 'vojta', 'Albert', '', 14.9, 1, '2016-01-17 16:05:59', 1, 0, 'karta', 0, 0),
(148, 'vojta', 'Albert', '', 32.9, 1, '2016-01-17 16:06:23', 1, 0, 'karta', 0, 0),
(149, 'vojta', 'Albert', '', 33, 1, '2016-01-18 00:33:50', 1, 0, 'karta', 0, 0),
(150, 'vojta', 'Kaufland', '', 107.4, 1, '2016-01-19 01:18:54', 1, 0, 'karta', 0, 0),
(151, 'vojta', 'Teta', 'Šampon', 99.9, 1, '2016-01-19 16:03:20', 5, 0, 'karta', 0, 0),
(152, 'vojta', 'Albert', '', 137.5, 1, '2016-01-19 16:03:36', 1, 0, 'karta', 0, 0),
(153, 'vojta', 'Albert', '', 39.8, 1, '2016-01-19 16:03:48', 1, 0, 'karta', 0, 0),
(154, 'vojta', 'Albert', '', 91.6, 1, '2016-01-19 21:16:16', 1, 0, 'karta', 0, 0),
(155, 'vojta', 'Florbal', 'nedělní', 44, 1, '2016-01-19 21:16:44', 5, 0, 'hotovost', 0, 0),
(156, 'vojta', 'Albert', 'vajíčka', 19.9, 1, '2016-01-20 10:22:22', 1, 0, 'karta', 0, 0),
(157, 'vojta', 'Albert', '', 148.1, 1, '2016-01-21 20:06:47', 1, 0, 'karta', 0, 0),
(158, 'vojta', 'Albert', '', 192.6, 1, '2016-01-22 21:08:57', 1, 0, 'karta', 0, 0),
(159, 'vojta', 'Lidl', 'z toho nejídlo: 487,40', 606.7, 1, '2016-01-23 18:51:14', 1, 0, 'karta', 0, 0),
(160, 'vojta', 'Albert', '', 47.7, 1, '2016-01-24 22:58:48', 1, 0, 'karta', 0, 0),
(161, 'vojta', 'florbal', '', 52, 1, '2016-01-25 12:45:30', 5, 0, 'hotovost', 0, 0),
(162, 'vojta', 'Albert', '', 160.8, 1, '2016-01-26 14:25:57', 1, 0, 'karta', 0, 0),
(163, 'vojta', 'Vlak', '', 352, 1, '2016-01-27 13:34:58', 5, 0, 'karta', 0, 0),
(164, 'vojta', 'McDonalds', 'konečně něco za ty zkoušky.', 119, 1, '2016-01-27 18:50:06', 1, 0, 'karta', 0, 0),
(165, 'vojta', 'Držák na papír', 'koupelny-sen', 229, 1, '2016-01-28 13:44:48', 5, 0, 'karta', 0, 0),
(166, 'vojta', 'dar', 'odepsat', 10, 1, '2016-01-28 19:49:46', 5, 0, 'hotovost', 0, 1),
(167, 'vojta', 'ples', 'vstup', 40, 1, '2016-01-29 23:59:59', 5, 0, 'hotovost', 0, 0),
(168, 'vojta', 'Lidl', '', 152.9, 1, '2016-02-06 18:08:16', 5, 0, 'karta', 0, 0),
(169, 'vojta', 'Billa', '', 34.8, 1, '2016-02-11 17:24:38', 1, 0, 'karta', 0, 0),
(170, 'vojta', 'Olomouc', 'benzin', 100, 1, '2016-02-12 14:04:54', 5, 0, 'hotovost', 0, 0),
(171, 'vojta', 'Olomouc', 'nakládané tvarůžky', 100, 1, '2016-02-12 14:05:16', 1, 0, 'hotovost', 0, 0),
(172, 'vojta', 'Olomouc', 'Kaufland', 101.7, 1, '2016-02-12 14:06:03', 5, 0, 'karta', 0, 0),
(173, 'vojta', 'Lidl', 'gatě & sluchátka & vložky', 547.9, 1, '2016-02-12 14:06:33', 5, 0, 'karta', 0, 0),
(174, 'vojta', 'vlak', '', 110, 1, '2016-02-20 08:03:43', 5, 0, 'karta', 0, 0),
(175, 'vojta', 'vyber', 'vyber', 600, 1, '2016-02-21 23:48:21', 1, 1, 'karta', 1, 0),
(176, 'vojta', 'Albert', '', 54.6, 1, '2016-02-21 23:48:50', 1, 0, 'karta', 0, 0),
(177, 'vojta', 'bageta', '', 41, 1, '2016-02-22 16:01:44', 1, 0, 'hotovost', 0, 0),
(178, 'vojta', 'Albert', '', 101.27, 1, '2016-02-22 21:19:26', 1, 0, 'karta', 0, 0),
(179, 'vojta', 'Albert', '', 19.9, 1, '2016-02-22 21:19:33', 1, 0, 'karta', 0, 0),
(180, 'vojta', 'Kaufland', '', 11.9, 1, '2016-02-23 21:08:41', 1, 0, 'karta', 0, 0),
(181, 'vojta', 'Albert', '', 230.4, 1, '2016-02-23 21:08:58', 1, 0, 'karta', 0, 0),
(182, 'vojta', 'Billa', '', 110.1, 1, '2016-02-24 20:15:06', 1, 0, 'karta', 0, 0),
(183, 'vojta', 'vklad na menzakartu', '', 200, 1, '2016-02-25 14:30:48', 1, 0, 'hotovost', 0, 0),
(184, 'vojta', 'Albert', '', 108, 1, '2016-02-26 07:22:21', 1, 0, 'karta', 0, 0),
(185, 'vojta', 'Albert', '', 59.7, 1, '2016-02-26 11:55:07', 1, 0, 'karta', 0, 0),
(186, 'vojta', 'kytka', 'odepsat', 59, 1, '2016-02-26 11:55:32', 5, 0, 'hotovost', 0, 1),
(187, 'vojta', 'Albert', '', 113.9, 1, '2016-02-26 20:33:36', 1, 0, 'karta', 0, 0),
(188, 'vojta', 'Albert', '', 303.4, 1, '2016-02-27 19:48:26', 1, 0, 'karta', 0, 0),
(189, 'vojta', 'florbal', '', 81, 1, '2016-02-28 22:42:57', 5, 0, 'hotovost', 0, 0),
(190, 'vojta', 'Albert', '', 77.6, 1, '2016-02-28 22:44:49', 1, 0, 'karta', 0, 0),
(191, 'vojta', 'vlak', '', 211, 1, '2016-02-29 00:42:11', 5, 0, 'karta', 0, 0),
(192, 'vojta', 'TECSO', '', 125.4, 1, '2016-02-29 21:44:53', 1, 0, 'karta', 0, 0),
(193, 'vojta', 'Kaufland', 'sešit', 8.9, 1, '2016-03-02 18:29:52', 5, 0, 'karta', 0, 0),
(194, 'vojta', 'Albert', '', 12.9, 1, '2016-03-03 20:51:50', 1, 0, 'karta', 0, 0),
(195, 'vojta', 'Celnice - hospoda', 'horká čokoláda a tlačenka', 120, 1, '2016-03-05 22:48:10', 1, 0, 'hotovost', 0, 0),
(196, 'vojta', 'Lidl', '', 19.9, 1, '2016-03-06 13:25:13', 1, 0, 'karta', 0, 0),
(197, 'vojta', 'vlak', '', 176, 1, '2016-03-06 16:26:01', 5, 0, 'karta', 0, 0),
(198, 'vojta', 'Albert', 'z toho jídlo14.1', 96.8, 1, '2016-03-07 20:24:05', 5, 0, 'karta', 0, 0),
(199, 'vojta', 'Albert', '', 195.5, 1, '2016-03-08 21:37:33', 1, 0, 'karta', 0, 0),
(200, 'vojta', 'Albert', '', 36, 1, '2016-03-09 20:33:53', 1, 0, 'karta', 0, 0),
(201, 'vojta', 'Albert', '', 14.9, 1, '2016-03-09 20:34:05', 1, 0, 'karta', 0, 0),
(202, 'vojta', 'vklad na menzakartu', '', 100, 1, '2016-03-10 14:52:33', 1, 0, 'hotovost', 0, 0),
(203, 'vojta', 'vlak', '', 246, 1, '2016-03-11 09:45:50', 5, 0, 'karta', 0, 0),
(204, 'vojta', 'vlak', '', 176, 1, '2016-03-12 17:21:57', 5, 0, 'karta', 0, 0),
(205, 'vojta', 'Coca cola', 'na cestu', 48, 1, '2016-03-13 14:42:15', 1, 0, 'hotovost', 0, 0),
(206, 'vojta', 'na benzin', '', 52, 1, '2016-03-13 14:42:36', 5, 0, 'hotovost', 0, 0),
(207, 'vojta', 'Albert', '', 88.3, 1, '2016-03-14 20:16:42', 1, 0, 'karta', 0, 0),
(208, 'vojta', 'Albert', 'klobásky', 77.2, 1, '2016-03-15 19:28:01', 1, 0, 'karta', 0, 0),
(209, 'vojta', 'Teta', 'prací prášek', 109.9, 1, '2016-03-16 13:32:06', 5, 0, 'karta', 0, 0),
(210, 'vojta', 'Oběd', 'nudle u větnamců', 84, 1, '2016-03-16 13:32:20', 1, 0, 'hotovost', 0, 0),
(211, 'vojta', 'vlak', 'budějice', 278, 1, '2016-03-16 20:10:34', 5, 0, 'karta', 0, 0),
(212, 'vojta', 'vlak', 'zlín', 176, 1, '2016-03-17 18:28:54', 5, 0, 'karta', 0, 0),
(213, 'vojta', 'Billa', '', 248.32, 1, '2016-03-17 20:40:17', 1, 0, 'karta', 0, 0),
(214, 'vojta', 'lístek do divadla', 'Zkrocení zlé ženy', 11, 1, '2016-03-18 00:29:03', 5, 0, 'hotovost', 0, 0),
(215, 'vojta', 'Billa', '', 246.12, 1, '2016-03-18 19:50:12', 1, 0, 'karta', 0, 0),
(216, 'vojta', 'medvídci', 'odepsat', 26.9, 1, '2016-03-19 21:21:39', 1, 0, 'karta', 0, 1),
(217, 'vojta', 'párek v rohlíku 2x', '', 30, 1, '2016-03-19 21:21:57', 1, 0, 'hotovost', 0, 0),
(218, 'vojta', 'lístky MHD', 'ČB', 26, 1, '2016-03-19 21:22:15', 5, 0, 'hotovost', 0, 0),
(219, 'vojta', 'Albert', '', 27.5, 1, '2016-03-19 21:22:41', 1, 0, 'karta', 0, 0),
(220, 'vojta', 'Bankomat', 'vyber', 200, 1, '2016-03-19 21:23:11', 1, 1, 'karta', 1, 0),
(221, 'vojta', 'Albert', '', 133.5, 1, '2016-03-19 21:23:28', 1, 0, 'karta', 0, 0),
(222, 'vojta', 'vlak', '', 286, 1, '2016-03-19 21:23:46', 5, 0, 'karta', 0, 0),
(223, 'vojta', 'florbal', '', 60, 1, '2016-03-20 23:06:37', 5, 0, 'hotovost', 0, 0),
(224, 'vojta', 'Albert', 'Dobra voda', 10.9, 1, '2016-03-20 23:07:22', 1, 0, 'karta', 0, 0),
(225, 'vojta', 'Vklad na menzakartu', '', 200, 1, '2016-03-21 21:06:27', 1, 0, 'hotovost', 0, 0),
(226, 'vojta', 'Albert', '', 73.5, 1, '2016-03-21 21:06:40', 1, 0, 'karta', 0, 0),
(227, 'vojta', 'Billa', '', 49.8, 1, '2016-03-24 15:58:00', 1, 0, 'karta', 0, 0),
(228, 'vojta', 'gyros', '', 37, 1, '2016-03-25 20:02:01', 1, 0, 'hotovost', 0, 0),
(229, 'vojta', 'gyros', '', 65, 1, '2016-03-27 22:10:16', 1, 0, 'hotovost', 0, 0),
(230, 'vojta', 'vlak', '', 176, 1, '2016-03-29 05:40:30', 5, 0, 'karta', 0, 0),
(231, 'vojta', 'Albert', '', 257.5, 1, '2016-03-29 19:56:17', 1, 0, 'karta', 0, 0),
(232, 'vojta', 'toner', 'tiskárna', 924, 1, '2016-03-31 10:40:18', 5, 0, 'karta', 0, 0),
(233, 'vojta', 'd', 'vyber', 1000, 1, '2016-03-31 14:41:09', 1, 1, 'karta', 1, 0),
(234, 'vojta', 'mhd', 'Dalších 90 dni', 720, 1, '2016-03-31 14:42:00', 5, 0, 'hotovost', 0, 0),
(235, 'vojta', 'Albert', '', 169.9, 1, '2016-03-31 22:16:11', 1, 0, 'karta', 0, 0),
(236, 'vojta', 'Albert', '', 85.3, 1, '2016-04-01 19:53:11', 1, 0, 'karta', 0, 0),
(237, 'vojta', 'Teta', 'čistič na podlahu', 39.9, 1, '2016-04-01 19:53:31', 5, 0, 'karta', 0, 0),
(238, 'vojta', 'Tesco', 'pití', 35.4, 1, '2016-04-02 22:58:28', 1, 0, 'karta', 0, 0),
(239, 'vojta', 'lístky MHD', '3x', 72, 1, '2016-04-03 18:25:29', 5, 0, 'karta', 0, 0),
(240, 'vojta', 'vlak', 'ČB -> Praha', 286, 1, '2016-04-03 20:47:12', 5, 0, 'karta', 0, 0),
(241, 'vojta', 'Albert', '', 91.8, 1, '2016-04-04 20:32:06', 1, 0, 'karta', 0, 0),
(242, 'vojta', 'pití', '', 17, 1, '2016-04-05 15:05:03', 1, 0, 'hotovost', 0, 0),
(243, 'vojta', 'Tesco', 'zásoby', 353.2, 1, '2016-04-07 22:26:42', 1, 0, 'karta', 0, 0),
(244, 'vojta', 'Tesco', '', 36.35, 1, '2016-04-07 22:27:17', 1, 0, 'karta', 0, 0),
(245, 'vojta', 'Tesco', 'sýr', 95.8, 1, '2016-04-07 22:27:32', 1, 0, 'karta', 0, 0),
(246, 'vojta', 'vlak', '-> Zlín', 246, 1, '2016-04-08 00:38:26', 5, 0, 'karta', 0, 0),
(247, 'vojta', 'Lidl', '', 34.8, 1, '2016-04-08 18:59:59', 1, 0, 'karta', 0, 0),
(248, 'vojta', 'gyros', '', 29, 1, '2016-04-10 21:13:40', 1, 0, 'hotovost', 0, 0),
(249, 'vojta', 'vlak', '-> Praha', 176, 1, '2016-04-10 21:40:15', 5, 0, 'karta', 0, 0),
(250, 'vojta', 'Tesco', '', 100.7, 1, '2016-04-11 20:52:33', 1, 0, 'karta', 0, 0),
(251, 'vojta', 'Albert', 'tvarůžky', 113.1, 1, '2016-04-12 21:06:20', 1, 0, 'karta', 0, 0),
(252, 'vojta', 'Albert', '', 25.4, 1, '2016-04-13 21:10:46', 1, 0, 'karta', 0, 0),
(253, 'vojta', 'Tesco', '', 59.6, 1, '2016-04-13 21:11:05', 1, 0, 'karta', 0, 0),
(254, 'vojta', 'vlak', '-> zlín', 246, 1, '2016-04-14 11:17:22', 5, 0, 'karta', 0, 0),
(255, 'vojta', 'Albert', '', 57.6, 1, '2016-04-14 20:46:14', 1, 0, 'karta', 0, 0),
(256, 'vojta', 'Billa', 'čokoláda', 28.9, 1, '2016-04-15 11:46:46', 1, 0, 'karta', 0, 0),
(257, 'vojta', 'vlak', '-> Praha', 352, 1, '2016-04-16 23:08:47', 5, 0, 'karta', 0, 0),
(258, 'vojta', 'Albert', '', 19.6, 1, '2016-04-17 22:26:54', 1, 0, 'karta', 0, 0),
(259, 'vojta', 'florbal', '', 60, 1, '2016-04-17 22:27:11', 5, 0, 'hotovost', 0, 0),
(260, 'vojta', 'vklad na menzakartu', '', 200, 1, '2016-04-18 14:41:04', 1, 0, 'hotovost', 0, 0),
(261, 'vojta', 'Tesco', '', 47, 1, '2016-04-19 08:12:52', 1, 0, 'karta', 0, 0),
(262, 'vojta', 'dlouhodobá ztráta', 'odepsat', 30, 1, '2016-04-19 08:14:15', 5, 0, 'hotovost', 0, 1),
(263, 'vojta', 'Kaufland', '', 34.4, 1, '2016-04-19 21:03:39', 1, 0, 'karta', 0, 0),
(264, 'vojta', 'Albert', '', 162.9, 1, '2016-04-19 21:03:53', 1, 0, 'karta', 0, 0),
(265, 'vojta', 'Albert', '', 70.3, 1, '2016-04-20 19:59:55', 1, 0, 'karta', 0, 0),
(266, 'vojta', 'Albert', '', 201.2, 1, '2016-04-21 20:35:33', 1, 0, 'karta', 0, 0),
(267, 'vojta', 'bankomat', 'vyber', 4000, 1, '2016-04-22 12:42:41', 5, 1, 'karta', 1, 0),
(268, 'vojta', 'koupě mobilu', 'iPhone 5c', 3900, 1, '2016-04-22 12:43:02', 5, 0, 'hotovost', 0, 0),
(269, 'vojta', 'Lidl', '', 27.8, 1, '2016-04-22 18:37:41', 1, 0, 'karta', 0, 0),
(270, 'vojta', 'Sklo', 'ochranné sklo na mobil', 314, 1, '2016-04-23 19:50:48', 5, 0, 'karta', 0, 0),
(271, 'vojta', 'Albert', '', 42.2, 1, '2016-04-23 19:51:08', 1, 0, 'karta', 0, 0),
(272, 'vojta', 'Albert', '', 91.3, 1, '2016-04-24 17:54:52', 1, 0, 'karta', 0, 0),
(273, 'vojta', 'Florbal', '', 60, 1, '2016-04-25 00:31:22', 5, 0, 'hotovost', 0, 0),
(274, 'vojta', 'Albert', '', 44.3, 1, '2016-04-25 00:31:43', 1, 0, 'karta', 0, 0),
(275, 'vojta', 'Billa', '', 229.2, 1, '2016-04-25 22:52:30', 1, 0, 'karta', 0, 0),
(276, 'vojta', 'Albert', '', 70.7, 1, '2016-04-26 12:55:19', 1, 0, 'karta', 0, 0),
(277, 'vojta', 'Albert', '', 95.6, 1, '2016-04-26 22:28:18', 1, 0, 'karta', 0, 0),
(278, 'vojta', 'Albert', '', 63.3, 1, '2016-04-27 21:46:05', 1, 0, 'karta', 0, 0),
(279, 'vojta', 'Albert', '', 77.9, 1, '2016-04-29 12:22:30', 1, 0, 'karta', 0, 0),
(280, 'vojta', 'Tesco', '', 186.5, 1, '2016-04-30 20:33:34', 1, 0, 'karta', 0, 0),
(281, 'vojta', 'Albert', '', 22.9, 1, '2016-04-30 20:33:59', 1, 0, 'karta', 0, 0),
(282, 'vojta', 'Florbal', '', 40, 1, '2016-05-01 23:02:12', 5, 0, 'hotovost', 0, 0),
(283, 'vojta', 'Albert', '', 22.8, 1, '2016-05-01 23:02:34', 1, 0, 'karta', 0, 0),
(284, 'vojta', 'Albert', '', 58.3, 1, '2016-05-02 23:23:10', 1, 0, 'karta', 0, 0),
(285, 'vojta', 'Tesco', '', 74.2, 1, '2016-05-04 22:50:47', 1, 0, 'karta', 0, 0),
(286, 'vojta', 'Billa', '', 64.3, 1, '2016-05-06 01:44:54', 1, 0, 'karta', 0, 0),
(287, 'vojta', 'Albert', '', 82.9, 1, '2016-05-06 19:53:48', 1, 0, 'karta', 0, 0),
(288, 'vojta', 'Albert', '', 75.6, 1, '2016-05-07 21:02:01', 1, 0, 'karta', 0, 0),
(289, 'vojta', 'Florbal', '', 36, 1, '2016-05-09 00:29:02', 5, 0, 'hotovost', 0, 0),
(290, 'vojta', 'Albert', 'odepsat', 63.8, 1, '2016-05-09 20:20:30', 1, 0, 'karta', 0, 1),
(291, 'vojta', 'Lidl', '', 73.6, 1, '2016-05-09 20:20:52', 5, 0, 'karta', 0, 0),
(292, 'vojta', 'Kaufland', '', 135.7, 1, '2016-05-10 14:42:25', 1, 0, 'karta', 0, 0),
(293, 'vojta', 'Datový kabel', 'na mobil', 59, 1, '2016-05-10 14:42:57', 5, 0, 'hotovost', 0, 0),
(294, 'vojta', 'N', 'vyber', 500, 1, '2016-05-10 22:37:49', 1, 1, 'karta', 1, 0),
(295, 'vojta', 'Billa', '', 29.8, 1, '2016-05-10 22:38:12', 1, 0, 'karta', 0, 0),
(296, 'vojta', 'Tesco', '', 107.1, 1, '2016-05-10 22:38:53', 1, 0, 'karta', 0, 0),
(297, 'vojta', 'Malinovka a vino', '', 68, 1, '2016-05-11 21:44:46', 1, 0, 'hotovost', 0, 0),
(298, 'vojta', 'Albert', 'Nektarinky', 71.3, 1, '2016-05-11 22:32:32', 1, 0, 'karta', 0, 0),
(299, 'vojta', 'vlak', '-> zlín', 187, 1, '2016-05-12 21:20:12', 5, 0, 'karta', 0, 0),
(300, 'vojta', 'Billa', '', 47.8, 1, '2016-05-13 16:37:01', 1, 0, 'karta', 0, 0),
(301, 'vojta', 'Autobus', '-> Pozdechov', 35, 1, '2016-05-14 23:20:54', 5, 0, 'hotovost', 0, 0),
(302, 'vojta', 'Zmrzlina', 'Pavlici', 35, 1, '2016-05-14 23:21:22', 1, 0, 'hotovost', 0, 0),
(303, 'vojta', 'Pizza', 'Bernard', 110, 1, '2016-05-14 23:21:41', 1, 0, 'hotovost', 0, 0),
(304, 'vojta', 'vlak', '-> Praha', 176, 1, '2016-05-15 22:50:47', 5, 0, 'karta', 0, 0),
(305, 'vojta', 'Albert', '', 74.3, 1, '2016-05-16 09:49:16', 1, 0, 'karta', 0, 0),
(306, 'vojta', 'Teta', 'prací prášek', 54.9, 1, '2016-05-16 13:24:18', 5, 0, 'karta', 0, 0),
(307, 'vojta', 'Vklad na menzakartu', '', 200, 1, '2016-05-17 16:28:22', 1, 0, 'hotovost', 0, 0),
(308, 'vojta', 'Albert', '', 198.2, 1, '2016-05-17 21:16:54', 1, 0, 'karta', 0, 0),
(309, 'vojta', 'odepsat', 'zas nějaká ztráta', 17, 1, '2016-05-18 15:49:28', 5, 0, 'hotovost', 0, 1),
(310, 'vojta', 'Světlo', 'Na kolo', 319, 1, '2016-05-18 19:01:08', 5, 0, 'karta', 0, 0),
(311, 'vojta', 'Piti', '', 16, 1, '2016-05-18 19:01:23', 1, 0, 'hotovost', 0, 0),
(312, 'vojta', 'Albert', '', 134.4, 1, '2016-05-18 21:08:33', 1, 0, 'karta', 0, 0),
(313, 'vojta', 'Dárek Petce', 'odepsat', 170.1, 1, '2016-05-19 20:05:28', 5, 0, 'karta', 0, 1),
(314, 'vojta', 'Billa', '', 72.2, 1, '2016-05-19 20:05:45', 1, 0, 'karta', 0, 0),
(315, 'vojta', 'Vlak', 'Praha -> Zlin', 176, 1, '2016-05-19 20:36:55', 5, 0, 'karta', 0, 0),
(316, 'vojta', 'Voda', 'odepsat', 15, 1, '2016-05-20 04:42:27', 1, 0, 'hotovost', 0, 1),
(317, 'vojta', 'Lidl', '', 92.3, 1, '2016-05-21 20:46:55', 1, 0, 'karta', 0, 0),
(318, 'vojta', 'Obed', '', 25, 1, '2016-05-23 13:50:55', 1, 0, 'hotovost', 0, 0),
(319, 'vojta', 'McDonalds', '', 74, 1, '2016-05-23 13:51:15', 1, 0, 'karta', 0, 0),
(320, 'vojta', 'Albert', '', 49.2, 1, '2016-05-23 16:54:02', 1, 0, 'karta', 0, 0),
(321, 'vojta', 'kryt na mobil', '', 50, 1, '2016-05-25 16:53:57', 5, 0, 'hotovost', 0, 0),
(322, 'vojta', 'Albert', '', 152.7, 1, '2016-05-25 16:54:08', 1, 0, 'karta', 0, 0),
(323, 'vojta', 'vlak', 'Praha -> Zlín', 176, 1, '2016-05-26 23:39:28', 5, 0, 'karta', 0, 0),
(324, 'vojta', 'bankomat', 'vyber', 200, 1, '2016-05-27 03:51:33', 5, 1, 'karta', 1, 0),
(325, 'vojta', 'večerka', '', 125, 1, '2016-05-27 03:51:43', 1, 0, 'hotovost', 0, 0),
(326, 'vojta', 'Albert', '', 66.6, 1, '2016-05-27 20:38:58', 1, 0, 'karta', 0, 0),
(327, 'vojta', 'Zmrzlina', '', 47, 1, '2016-05-29 17:22:47', 1, 0, 'hotovost', 0, 0),
(328, 'vojta', 'Lidl', '', 26.8, 1, '2016-05-29 17:24:01', 1, 0, 'karta', 0, 0),
(329, 'vojta', 'K', 'vyber', 500, 1, '2016-05-29 17:24:23', 5, 1, 'karta', 1, 0),
(330, 'vojta', 'vlak', 'zlín -> praha', 153, 1, '2016-06-01 15:16:34', 5, 0, 'karta', 0, 0),
(331, 'vojta', 'Albert', '', 43, 1, '2016-06-01 21:35:55', 1, 0, 'karta', 0, 0),
(332, 'vojta', 'Vklad', 'Na regiojet kartu', 500, 1, '2016-06-01 21:36:19', 5, 0, 'karta', 0, 0),
(333, 'vojta', 'Albert', '', 111.9, 1, '2016-06-02 14:40:31', 1, 0, 'karta', 0, 0),
(334, 'vojta', 'oběd', 'vietnamci', 84, 1, '2016-06-02 14:40:49', 1, 0, 'hotovost', 0, 0),
(335, 'vojta', 'vlak', 'praha -> zlín', 176, 1, '2016-06-02 16:09:24', 5, 0, 'karta', 0, 0),
(336, 'vojta', 'autobus', '', 12, 1, '2016-06-03 01:58:15', 5, 0, 'hotovost', 0, 0),
(337, 'vojta', 'Albert', 'tvarohový závin :-P', 27.9, 1, '2016-06-03 01:58:42', 1, 0, 'karta', 0, 0),
(338, 'vojta', 'iTunes', 'aplikace na mobil // 56.09', 0, 1, '2016-06-06 00:07:19', 5, 0, 'karta', 0, 0),
(339, 'vojta', 'Tesco', '', 38.8, 1, '2016-06-06 21:25:06', 1, 0, 'karta', 0, 0),
(340, 'vojta', 'Albert', '', 42.8, 1, '2016-06-07 13:13:21', 1, 0, 'karta', 0, 0),
(341, 'vojta', 'Billa', '', 29.8, 1, '2016-06-08 18:49:29', 1, 0, 'karta', 0, 0),
(342, 'vojta', 'Albert', '', 234.2, 1, '2016-06-08 18:49:45', 1, 0, 'karta', 0, 0),
(343, 'vojta', 'pekařství', 'kobliha', 9, 1, '2016-06-09 16:33:02', 1, 0, 'hotovost', 0, 0),
(344, 'vojta', 'Lístky MHD', '', 220, 1, '2016-06-09 16:33:13', 5, 0, 'hotovost', 0, 0),
(345, 'vojta', 'Tesco', '', 107, 1, '2016-06-09 16:33:35', 1, 0, 'karta', 0, 0),
(346, 'vojta', 'Albert', '', 30.8, 1, '2016-06-09 16:33:52', 1, 0, 'karta', 0, 0),
(347, 'vojta', 'Albert', 'tvarohový závin', 47.8, 1, '2016-06-10 00:29:57', 1, 0, 'karta', 0, 0),
(348, 'vojta', 'Tesco', 'zásoby na zítra', 112.2, 1, '2016-06-10 20:25:29', 1, 0, 'karta', 0, 0),
(349, 'vojta', 'Albert', 'toaleťák', 79.8, 1, '2016-06-11 19:04:41', 5, 0, 'karta', 0, 0),
(350, 'vojta', 'Vysehrad', 'Kasematy', 3, 1, '2016-06-12 22:23:29', 5, 0, 'hotovost', 0, 0),
(351, 'vojta', 'Citronada', 'Posezení z kamaradama', 40, 1, '2016-06-12 22:23:56', 1, 0, 'hotovost', 0, 0),
(352, 'vojta', 'pekařství', 'koláče', 30, 1, '2016-06-13 13:07:41', 1, 0, 'hotovost', 0, 0),
(353, 'vojta', 'Cukrárna', 'se třídou', 36, 1, '2016-06-13 13:07:59', 1, 0, 'hotovost', 0, 0),
(354, 'vojta', 'iTunes', '', 55.67, 1, '2016-06-13 13:43:14', 5, 0, 'karta', 0, 0),
(355, 'vojta', 'Billa', 'klobáska', 22, 1, '2016-06-13 22:52:36', 1, 0, 'hotovost', 0, 0),
(356, 'vojta', 'kofola', '', 30, 1, '2016-06-15 23:54:44', 1, 0, 'hotovost', 0, 0),
(357, 'vojta', 'gyros', '', 37, 1, '2016-06-15 23:55:17', 1, 0, 'hotovost', 0, 0),
(358, 'vojta', 'cyklosport', 'zadní světlo na kolo', 169, 1, '2016-06-17 19:20:50', 5, 0, 'karta', 0, 0),
(359, 'vojta', 'Penny - Berny', '100,- z toho odepsat', 322.8, 1, '2016-06-19 04:11:10', 1, 0, 'karta', 0, 1),
(360, 'vojta', 'Parkovani', '', 15, 1, '2016-06-19 04:13:25', 5, 0, 'hotovost', 0, 0),
(361, 'vojta', 'Kaufland', '', 91.7, 1, '2016-06-19 21:48:31', 1, 0, 'karta', 0, 0),
(362, 'vojta', 'Na Berniho', 'Odepsat', 200, 1, '2016-06-26 00:08:57', 5, 0, 'hotovost', 0, 1),
(363, 'vojta', 'A', 'vyber', 200, 1, '2016-06-26 00:10:00', 5, 1, 'karta', 1, 0),
(364, 'vojta', 'Adamovi', 'Vyrovnání za svícu', 200, 1, '2016-06-26 00:10:29', 1, 0, 'hotovost', 0, 0),
(365, 'vojta', 'Lidl', '', 110.6, 1, '2016-06-27 22:29:56', 1, 0, 'karta', 0, 0),
(366, 'vojta', 'malenovice tesco', 'vyber', 200, 1, '2016-06-28 16:59:37', 5, 1, 'karta', 1, 0),
(367, 'vojta', 'lidl', 'zmrzlina', 9.9, 1, '2016-06-28 17:02:09', 1, 0, 'karta', 0, 0),
(368, 'vojta', 'Tesco', '', 32.4, 1, '2016-06-29 17:29:05', 1, 0, 'karta', 0, 0),
(369, 'vojta', 'Tesco', 'Oběd', 30.8, 1, '2016-06-30 18:41:38', 1, 0, 'karta', 0, 0),
(370, 'vojta', 'vlak', 'zlín -> praha', 229, 1, '2016-07-01 01:03:24', 5, 0, 'karta', 0, 0),
(371, 'vojta', 'vlak', 'praha -> zlín', 229, 1, '2016-07-01 01:06:05', 5, 0, 'karta', 0, 0),
(372, 'vojta', 'Lidl', '', 31.3, 1, '2016-07-01 22:28:54', 1, 0, 'karta', 0, 0),
(373, 'vojta', 'Lidl', '', 9.9, 1, '2016-07-03 20:31:20', 1, 0, 'karta', 0, 0),
(374, 'vojta', 'Kofola cestou', 'z toho 100 odepsat ;-)', 145, 1, '2016-07-05 21:35:05', 1, 0, 'hotovost', 0, 1),
(375, 'vojta', 'Lidl', 'zmrzka', 9.9, 1, '2016-07-05 21:35:14', 1, 0, 'karta', 0, 0),
(376, 'vojta', 'Lidl', '', 34.9, 1, '2016-07-07 22:00:04', 1, 0, 'karta', 0, 0),
(377, 'vojta', 'Lidl', '', 47.8, 1, '2016-07-07 22:01:18', 1, 0, 'karta', 0, 0),
(378, 'vojta', 'Lidl', 'Boty', 369, 1, '2016-07-07 22:02:19', 5, 0, 'karta', 0, 0),
(379, 'vojta', 'Albert', 'Svacina', 27.4, 1, '2016-07-08 18:27:48', 1, 0, 'karta', 0, 0),
(380, 'vojta', 'Batman-bike', 'Mazací olej', 269, 1, '2016-07-08 18:28:26', 5, 0, 'karta', 0, 0),
(381, 'vojta', 'Lukov', 'Cola', 50, 1, '2016-07-09 18:38:04', 1, 0, 'hotovost', 0, 0),
(382, 'vojta', 'Zmrzlina', '', 51, 1, '2016-07-09 18:38:28', 1, 0, 'hotovost', 0, 0),
(383, 'vojta', 'Kaufland', 'Piti', 19.9, 1, '2016-07-09 18:38:57', 1, 0, 'karta', 0, 0),
(384, 'vojta', 'Gyros', '', 89, 1, '2016-07-10 13:37:26', 1, 0, 'hotovost', 0, 0),
(385, 'vojta', 'Batman-bike', 'Pumpa a spojka', 530, 1, '2016-07-11 19:45:37', 5, 0, 'karta', 0, 0),
(386, 'vojta', 'Lidl', '', 32.8, 1, '2016-07-11 19:46:02', 1, 0, 'karta', 0, 0),
(387, 'vojta', 'Albert', '', 211.9, 1, '2016-07-16 12:05:43', 1, 0, 'karta', 0, 0),
(388, 'vojta', 'Lidl', '', 24.8, 1, '2016-07-16 12:06:15', 1, 0, 'karta', 0, 0),
(389, 'vojta', 'lidl', 'odepsat', 14.9, 1, '2016-07-17 15:31:24', 1, 0, 'karta', 0, 1),
(390, 'vojta', 'Lidl ', 'boty 499,-\r\nponožky 209.7', 726.5, 1, '2016-07-21 18:00:54', 1, 0, 'karta', 0, 0),
(391, 'vojta', 'Tesco', 'sako', 869, 1, '2016-07-23 16:04:07', 5, 0, 'karta', 0, 0),
(392, 'vojta', 'zase nějaký špatný výpočet', 'odepsat', 35, 1, '2016-07-24 14:29:29', 5, 0, 'hotovost', 0, 1),
(393, 'vojta', 'Kofola', '', 15, 1, '2016-07-24 20:29:09', 1, 0, 'hotovost', 0, 0),
(394, 'vojta', 'Kofola a langoš', 'odepsat', 57, 1, '2016-07-24 20:29:53', 1, 0, 'hotovost', 0, 1),
(395, 'vojta', 'KCK Cyklosport', 'mazivo, triko a ventilky - odepsat?', 536, 1, '2016-07-29 17:11:46', 5, 0, 'hotovost', 0, 1),
(396, 'vojta', 'Billa', 'džus na cestu', 22.9, 1, '2016-08-02 14:32:51', 1, 0, 'karta', 0, 0),
(397, 'vojta', 'Tesco', '', 38.8, 1, '2016-08-18 20:49:14', 1, 0, 'karta', 0, 0),
(398, 'vojta', 'nový iPhone', 'odepsat', 5045, 1, '2016-08-19 23:24:25', 5, 0, 'karta', 0, 1),
(399, 'vojta', 'KCK', 'Obedy', 280, 1, '2016-08-22 18:13:18', 1, 0, 'hotovost', 0, 0),
(400, 'vojta', 'Kaufland', '', 30.8, 1, '2016-08-23 18:39:22', 1, 0, 'karta', 0, 0),
(401, 'vojta', 'Albert', 'pití', 11.9, 1, '2016-08-24 18:16:40', 1, 0, 'karta', 0, 0),
(402, 'vojta', 'KCK obědy', '', 120, 1, '2016-08-28 13:20:36', 1, 0, 'hotovost', 0, 0),
(403, 'vojta', 'Billa', '', 57.8, 1, '2016-08-28 22:14:06', 1, 0, 'karta', 0, 0),
(404, 'vojta', 'Gyros', '', 36, 1, '2016-08-28 22:14:23', 1, 0, 'hotovost', 0, 0),
(405, 'vojta', 'Billa', 'Večeře a snídaně', 83.1, 1, '2016-08-30 17:28:27', 1, 0, 'karta', 0, 0),
(406, 'vojta', 'aukro', 'odepsat - tvrzené sklo na iphone', 199, 1, '2016-09-03 12:08:53', 5, 0, 'karta', 0, 1),
(407, 'vojta', 'aukro', 'odepsat - powerbank', 235, 1, '2016-09-03 12:09:21', 5, 0, 'karta', 0, 1),
(408, 'vojta', 'aukro', 'odepsat - obal na mobil', 178, 1, '2016-09-03 12:56:29', 5, 0, 'karta', 0, 1),
(409, 'vojta', 'gyros', '', 30, 1, '2016-09-05 22:02:37', 1, 0, 'hotovost', 0, 0),
(410, 'vojta', 'Kauflad', 'Cestou k Aduli', 281.68, 1, '2016-09-10 20:45:36', 1, 0, 'karta', 0, 0),
(411, 'vojta', 'Bageta', 'Cestou k Aduli', 67, 1, '2016-09-10 20:46:15', 1, 0, 'karta', 0, 0),
(412, 'vojta', 'Tesco', 'U Aduli', 99.12, 1, '2016-09-10 20:46:43', 1, 0, 'karta', 0, 0),
(413, 'vojta', 'Kauflad', '', 12.9, 1, '2016-09-12 14:25:58', 1, 0, 'karta', 0, 0),
(414, 'vojta', 'bankomat', 'vyber', 1500, 1, '2016-09-12 14:26:38', 1, 1, 'karta', 1, 0),
(415, 'vojta', 'Hospoda', 'Občerstvení na kole', 120, 1, '2016-09-13 15:10:59', 1, 0, 'hotovost', 0, 0),
(416, 'vojta', 'Aukro', 'Multimetr', 200, 1, '2016-09-14 09:45:42', 5, 0, 'karta', 0, 0),
(417, 'vojta', 'Kaufland', '', 36.7, 1, '2016-09-14 09:49:59', 1, 0, 'karta', 0, 0),
(418, 'vojta', 'Lidl', '', 102.8, 1, '2016-09-14 12:29:40', 1, 0, 'karta', 0, 0),
(419, 'vojta', 'MHD jizdenka', '', 720, 1, '2016-09-18 23:34:47', 5, 0, 'hotovost', 0, 0),
(420, 'vojta', 'InKarta', '', 250, 1, '2016-09-18 23:35:26', 5, 0, 'karta', 0, 0),
(421, 'vojta', 'Sleva na ČD', 'Oranžová karta', 50, 1, '2016-09-19 15:33:34', 5, 0, 'hotovost', 0, 0),
(422, 'vojta', 'Lidl', '', 43.8, 1, '2016-09-19 15:34:00', 1, 0, 'karta', 0, 0),
(423, 'vojta', 'Elkoma', '2x krabice + 2x vneček', 60, 1, '2016-09-21 23:47:53', 5, 0, 'hotovost', 0, 0),
(424, 'vojta', 'kolo', 'na pojížďky do Prahy', 200, 1, '2016-09-15 18:00:03', 5, 0, 'hotovost', 0, 0),
(425, 'vojta', 'gyros', '', 68, 1, '2016-09-22 11:00:39', 1, 0, 'hotovost', 0, 0),
(426, 'vojta', 'Hundy', 'sada bitů', 139, 1, '2016-09-22 11:57:00', 5, 0, 'karta', 0, 0),
(427, 'vojta', 'vruty handy', 'odepsat - do Prahy', 86, 1, '2016-09-21 12:50:57', 5, 0, 'hotovost', 0, 1),
(428, 'vojta', 'na svatbu', 'Flory+Kája', 80, 1, '2016-09-23 10:34:00', 5, 0, 'hotovost', 0, 0),
(429, 'vojta', 'vlak', 'Zlín -> ČB', 679, 1, '2016-09-24 20:37:35', 5, 0, 'karta', 0, 0),
(430, 'vojta', 'vlak', 'Praha->Zlín', 513, 1, '2016-09-26 10:32:32', 5, 0, 'karta', 0, 0),
(431, 'vojta', 'Billa', 'Budějice', 36.8, 1, '2016-09-25 16:11:03', 1, 0, 'karta', 0, 0),
(432, 'vojta', 'Lidl', '', 63.2, 1, '2016-09-26 18:28:43', 1, 0, 'karta', 0, 0),
(433, 'vojta', 'Alza', 'Wifi-router', 283, 1, '2016-09-27 10:56:53', 5, 0, 'karta', 0, 0),
(434, 'vojta', 'Obed', '', 99, 1, '2016-09-27 12:11:38', 1, 0, 'hotovost', 0, 0),
(435, 'vojta', 'Koláč', 'V regiojetu', 10, 1, '2016-09-27 19:00:59', 1, 0, 'hotovost', 0, 0),
(436, 'vojta', 'Gyros', '', 95, 1, '2016-09-27 20:48:27', 1, 0, 'hotovost', 0, 0),
(437, 'vojta', 'Lístky MHD', '', 54, 1, '2016-09-29 07:43:18', 5, 0, 'hotovost', 0, 0),
(438, 'vojta', 'Billa', 'Kartáčky, šampon aj.', 239.7, 1, '2016-09-29 11:45:52', 5, 0, 'karta', 0, 0),
(439, 'vojta', 'Pizza', '', 120, 1, '2016-09-29 13:40:10', 1, 0, 'hotovost', 0, 0),
(440, 'vojta', 'zkouška', '', 0, 1, '2016-09-29 19:34:22', 1, 0, 'karta', 0, 0),
(441, 'vojta', 'Euronics', 'Sušička ovoce', 1399, 1, '2016-09-30 13:41:20', 5, 0, 'karta', 0, 0),
(442, 'vojta', 'Kaufland', '', 9.9, 1, '2016-09-30 13:43:55', 1, 0, 'karta', 0, 0),
(443, 'vojta', 'Truhla na svatbu', 'odepsat', 39, 1, '2016-09-30 13:42:32', 5, 0, 'karta', 0, 1),
(444, 'vojta', 'Kaufland', 'prvotní zásobičky', 313.4, 1, '2016-10-02 22:52:03', 1, 0, 'karta', 0, 0),
(445, 'vojta', 'výběr', 'vyber', 2000, 1, '2016-10-02 22:52:37', 5, 1, 'karta', 1, 0),
(446, 'vojta', 'lentilky', 'kvůli rozměnění', 14, 1, '2016-10-03 19:16:19', 1, 0, 'hotovost', 0, 0),
(447, 'vojta', 'monitor', '', 250, 1, '2016-10-03 19:20:49', 5, 0, 'hotovost', 0, 0),
(448, 'vojta', 'investice', 'Vojtovi na papíry A4', 20, 1, '2016-10-03 19:39:05', 5, 0, 'hotovost', 0, 0),
(449, 'vojta', 'vklad na RJ kartu', '', 1000, 1, '2016-10-03 17:39:39', 5, 0, 'hotovost', 0, 0),
(450, 'vojta', 'Kaufland', '', 53.2, 1, '2016-10-03 14:33:20', 1, 0, 'karta', 0, 0),
(451, 'vojta', 'Albert', '', 263.7, 1, '2016-10-04 16:59:00', 1, 0, 'karta', 0, 0),
(452, 'vojta', 'Vklad na menzakartu', '', 200, 1, '2016-10-06 13:51:05', 1, 0, 'hotovost', 0, 0),
(453, 'vojta', 'Albert', '', 195.2, 1, '2016-10-05 20:34:51', 1, 0, 'karta', 0, 0),
(454, 'vojta', 'Tesco', '', 169.26, 1, '2016-10-05 13:25:19', 1, 0, 'karta', 0, 0),
(455, 'vojta', 'Lidl', '', 311.38, 1, '2016-10-07 13:29:17', 1, 0, 'karta', 0, 0),
(456, 'vojta', 'Tesco', '', 273.78, 1, '2016-10-09 13:13:50', 1, 0, 'karta', 0, 0),
(457, 'vojta', 'Tesco', '', 117.9, 1, '2016-10-11 16:42:23', 1, 0, 'karta', 0, 0),
(458, 'vojta', 'Lidl', '', 172.89, 1, '2016-10-12 12:27:26', 1, 0, 'karta', 0, 0),
(459, 'vojta', 'Albert', '', 9.9, 1, '2016-10-12 18:08:26', 1, 0, 'karta', 0, 0),
(460, 'vojta', 'vyber', '', 3000, 1, '2016-10-13 12:40:52', 5, 1, 'karta', 1, 0),
(461, 'vojta', 'ubytování', '', 2700, 1, '2016-10-13 13:17:57', 5, 0, 'hotovost', 0, 0),
(462, 'vojta', 'vlak', 'praha -> zlín', 246, 1, '2016-10-13 18:15:49', 5, 0, 'karta', 0, 0),
(463, 'vojta', 'McDonald', '', 120, 1, '2016-10-14 13:00:22', 1, 0, 'karta', 0, 0),
(464, 'vojta', 'Kaufland', '', 102.7, 1, '2016-10-15 13:24:57', 1, 0, 'karta', 0, 0),
(465, 'vojta', 'vlak', 'zlín -> praha', 176, 1, '2016-10-16 16:00:03', 5, 0, 'karta', 0, 0),
(466, 'vojta', 'Tesco', '', 56.7, 1, '2016-10-18 16:45:53', 1, 0, 'karta', 0, 0),
(467, 'vojta', 'gyros', '', 74, 1, '2016-10-16 18:50:26', 1, 0, 'hotovost', 0, 0),
(468, 'vojta', 'Tesco', '', 237.1, 1, '2016-10-19 11:40:44', 1, 0, 'karta', 0, 0),
(469, 'vojta', 'IKEA', 'oběd', 129, 1, '2016-10-19 15:43:18', 1, 0, 'hotovost', 0, 0),
(470, 'vojta', 'Lidl', '', 184.6, 1, '2016-10-20 18:07:56', 1, 0, 'karta', 0, 0),
(471, 'vojta', 'Lidl', '', 68.9, 1, '2016-10-21 18:13:13', 1, 0, 'karta', 0, 0),
(472, 'vojta', 'Florbal', '', 60, 1, '2016-10-23 21:30:12', 5, 0, 'hotovost', 0, 0),
(473, 'vojta', 'Tesco', '', 147.61, 1, '2016-10-24 13:21:12', 1, 0, 'karta', 0, 0),
(474, 'vojta', 'Lidl', '', 124.4, 1, '2016-10-25 16:46:36', 1, 0, 'karta', 0, 0),
(475, 'vojta', 'Tesco', 'oběd', 110.06, 1, '2016-10-26 12:38:54', 1, 0, 'karta', 0, 0),
(476, 'vojta', 'vlak', 'praha -> zlín', 352, 1, '2016-10-27 11:38:23', 5, 0, 'karta', 0, 0),
(477, 'vojta', 'Lístky PID', '', 64, 1, '2016-10-26 23:58:04', 5, 0, 'hotovost', 0, 0),
(478, 'vojta', 'Lístky DSZO', '', 18, 1, '2016-10-27 18:30:29', 5, 0, 'hotovost', 0, 0),
(479, 'vojta', 'McDonald', '', 94, 1, '2016-10-27 15:01:20', 1, 0, 'karta', 0, 0),
(480, 'vojta', 'vlak', 'zlín -> praha', 176, 1, '2016-10-29 20:37:36', 5, 0, 'karta', 0, 0),
(481, 'vojta', 'Billa', 'večeře', 51.7, 1, '2016-10-30 22:20:53', 1, 0, 'karta', 0, 0),
(482, 'vojta', 'vyber', 'vyber', 7, 1, '2016-10-30 22:22:21', 5, 1, 'karta', 1, 0),
(483, 'vojta', 'Albert', 'oběd', 128.1, 1, '2016-10-31 14:34:28', 1, 0, 'karta', 0, 0),
(484, 'vojta', 'lidl', '', 42.2, 1, '2016-10-31 17:36:08', 1, 0, 'karta', 0, 0),
(485, 'vojta', 'lidl', '', 39.96, 1, '2016-10-31 16:37:18', 1, 0, 'karta', 0, 0),
(486, 'vojta', 'Kaufland', '', 99.1, 1, '2016-11-01 11:19:02', 1, 0, 'karta', 0, 0),
(487, 'vojta', 'Lidl', '', 100.3, 1, '2016-11-01 17:13:21', 1, 0, 'karta', 0, 0),
(488, 'vojta', 'lidl', '', 113, 1, '2016-11-03 13:33:12', 1, 0, 'karta', 0, 0),
(489, 'vojta', 'gyros', '', 58, 1, '2016-11-04 17:40:29', 1, 0, 'hotovost', 0, 0),
(490, 'vojta', 'vlak', 'praha -> zlín', 304, 1, '2016-11-03 18:08:46', 5, 0, 'karta', 0, 0),
(491, 'vojta', 'vlak', 'zlín -> praha', 118, 1, '2016-11-06 02:06:34', 5, 0, 'karta', 0, 0),
(492, 'vojta', 'Tesco', '', 311.85, 1, '2016-11-07 13:32:48', 1, 0, 'karta', 0, 0),
(493, 'vojta', 'vklad na menzakartu', '', 500, 1, '2016-11-08 14:12:24', 1, 0, 'hotovost', 0, 0),
(494, 'vojta', 'Tesco', '', 21.81, 1, '2016-11-09 11:24:51', 1, 0, 'karta', 0, 0),
(495, 'vojta', 'společné soužití', 'mycí prostředky apod', 82, 1, '2016-11-10 08:41:17', 5, 0, 'hotovost', 0, 0),
(496, 'vojta', 'lidl', '', 41.8, 1, '2016-11-10 18:53:22', 1, 0, 'karta', 0, 0),
(497, 'vojta', 'lidl', 'body a kalhoty', 798, 1, '2016-11-10 18:53:39', 5, 0, 'karta', 0, 0),
(498, 'vojta', 'odepsat', 'příspěvek na děti v dětském domově Lidl ;-)', 21, 1, '2016-11-10 18:53:11', 5, 0, 'hotovost', 0, 1),
(499, 'vojta', 'kaufland', 'sušák na prádlo (část peněz se mi vrátí)', 169, 1, '2016-11-12 16:52:27', 5, 0, 'karta', 0, 0),
(500, 'vojta', 'Kaufland', '', 115, 1, '2016-11-12 16:53:04', 1, 0, 'karta', 0, 0),
(501, 'vojta', 'Jogurtový nápoj', '', 16, 1, '2016-11-12 18:12:38', 1, 0, 'hotovost', 0, 0),
(502, 'vojta', 'florbal', '', 36, 1, '2016-11-14 21:12:06', 5, 0, 'hotovost', 0, 0),
(503, 'vojta', 'tesco', 'masíčko', 99.66, 1, '2016-11-15 18:00:17', 1, 0, 'karta', 0, 0),
(504, 'vojta', 'zmrzlina', 'U Potrefené husy', 40, 1, '2016-11-15 20:58:01', 1, 0, 'hotovost', 0, 0),
(505, 'vojta', 'výběr', 'vyber', 2740, 1, '2016-11-15 21:10:48', 5, 1, 'karta', 1, 0),
(506, 'vojta', 'Albert', '', 123.3, 1, '2016-11-14 13:06:52', 1, 0, 'karta', 0, 0),
(507, 'vojta', 'lidl', '', 71.7, 1, '2016-11-14 15:25:23', 1, 0, 'karta', 0, 0),
(508, 'vojta', 'Albert', '', 15.9, 1, '2016-11-15 21:25:54', 1, 0, 'karta', 0, 0),
(509, 'vojta', 'itunes', '//55.35', 0, 1, '2016-11-14 22:10:54', 5, 0, 'karta', 0, 0),
(510, 'vojta', 'centropenka', 'červená', 12, 1, '2016-11-16 11:10:33', 5, 0, 'hotovost', 0, 0),
(511, 'vojta', 'ubytování', '', 2700, 1, '2016-11-16 09:01:35', 5, 0, 'hotovost', 0, 0),
(512, 'vojta', 'Albert', '', 60.4, 1, '2016-11-16 20:30:53', 1, 0, 'karta', 0, 0),
(513, 'vojta', 'Tesco', '', 141.8, 1, '2016-11-18 13:00:12', 1, 0, 'karta', 0, 0),
(514, 'vojta', 'Lidl', '', 125.58, 1, '2016-11-18 18:19:26', 1, 0, 'karta', 0, 0),
(515, 'vojta', 'Lidl', '', 101.5, 1, '2016-11-19 18:40:38', 1, 0, 'karta', 0, 0),
(516, 'vojta', 'Lidl', '', 136.81, 1, '2016-11-19 18:37:57', 1, 0, 'karta', 0, 0),
(517, 'vojta', 'Tesco', '', 63.04, 1, '2016-11-21 13:10:22', 1, 0, 'karta', 0, 0),
(518, 'vojta', 'Albert', '', 43.9, 1, '2016-11-22 16:35:03', 1, 0, 'karta', 0, 0),
(519, 'vojta', 'Tesco', '', 36.1, 1, '2016-11-23 11:31:45', 1, 0, 'karta', 0, 0),
(520, 'vojta', 'Billa', '', 20.7, 1, '2016-11-23 16:34:53', 1, 0, 'karta', 0, 0),
(521, 'vojta', 'Albert', '', 21.9, 1, '2016-11-23 17:02:30', 1, 0, 'karta', 0, 0),
(522, 'vojta', 'Albert', 'takové drobnosti', 92.9, 1, '2016-11-24 13:03:57', 1, 0, 'karta', 0, 0),
(523, 'vojta', 'praní', 'na elektriku', 10, 1, '2016-11-23 21:33:28', 5, 0, 'hotovost', 0, 0),
(524, 'vojta', 'florbal', '', 45, 1, '2016-11-20 21:35:04', 5, 0, 'hotovost', 0, 0),
(525, 'vojta', 'výběr', 'výběr', 1000, 1, '2016-11-24 19:45:05', 5, 1, 'karta', 1, 0),
(526, 'vojta', 'divadlo', 'Cimrman', 720, 1, '2016-12-20 19:00:16', 5, 0, 'hotovost', 0, 0),
(527, 'vojta', 'Vstupenka', 'Ples', 200, 1, '2016-11-26 20:02:41', 5, 0, 'hotovost', 0, 0),
(528, 'vojta', 'Pití', 'Posezení  V hospodě před plesem ', 30, 1, '2016-11-26 20:24:44', 1, 0, 'hotovost', 0, 0),
(529, 'vojta', 'Gyros', 'Z toho 58 odepsat', 110, 1, '2016-11-27 01:04:55', 1, 0, 'hotovost', 0, 1),
(530, 'vojta', 'Fotka', 'Tisk přímo na plese', 40, 1, '2016-11-26 23:53:05', 5, 0, 'hotovost', 0, 0),
(531, 'vojta', 'Billa', 'večeře', 77.92, 1, '2016-11-27 21:59:52', 1, 0, 'karta', 0, 0),
(532, 'vojta', 'Tesco', '', 297.18, 1, '2016-11-30 11:31:37', 1, 0, 'karta', 0, 0),
(533, 'vojta', 'Al', 'snídaně', 27.9, 1, '2016-11-30 07:34:16', 1, 0, 'karta', 0, 0),
(534, 'vojta', 'Tesco', '', 54.7, 1, '2016-11-28 12:56:44', 1, 0, 'karta', 0, 0),
(535, 'vojta', 'Tesco', 'večeře a snídaně', 187.44, 1, '2016-12-01 23:22:58', 1, 0, 'karta', 0, 0),
(536, 'vojta', 'odepsat', ' Časopis na podporu bezdomovců ', 50, 1, '2016-12-03 11:42:29', 5, 0, 'hotovost', 0, 1),
(537, 'vojta', 'Albert', 'Snidane', 60.8, 1, '2016-12-03 11:27:00', 1, 0, 'karta', 0, 0),
(538, 'vojta', 'Lidl', '', 155.8, 1, '2016-12-03 17:17:09', 1, 0, 'karta', 0, 0),
(539, 'vojta', 'Tesco', '', 52.7, 1, '2016-12-04 21:51:04', 1, 0, 'karta', 0, 0),
(540, 'vojta', 'duše', 'na kolo', 85, 1, '2016-12-05 12:08:23', 5, 0, 'karta', 0, 0),
(541, 'vojta', 'Albert', '', 339.9, 1, '2016-12-05 17:47:22', 1, 0, 'karta', 0, 0),
(542, 'vojta', 'Tesco', '', 97.2, 1, '2016-12-06 23:49:12', 1, 0, 'karta', 0, 0),
(543, 'vojta', 'výběr', 'výběr', 4000, 1, '2016-12-08 17:36:14', 5, 1, 'karta', 1, 0),
(544, 'vojta', 'hospoda', '', 35, 1, '2016-12-07 22:40:42', 1, 0, 'hotovost', 0, 0),
(545, 'vojta', 'Albert', '', 153.7, 1, '2016-12-07 22:58:12', 1, 0, 'karta', 0, 0),
(546, 'vojta', 'Tesco', 'svačinka', 21, 1, '2016-12-08 13:05:43', 1, 0, 'karta', 0, 0),
(547, 'vojta', 'Kaufland', 'zásobičky', 274.7, 1, '2016-12-09 22:38:21', 1, 0, 'karta', 0, 0),
(548, 'vojta', 'vlak', 'ČT -> Praha', 103, 1, '2016-12-10 15:55:37', 5, 0, 'karta', 0, 0),
(549, 'vojta', 'vlak', 'Praha -> ČT odepsat', 103, 1, '2016-12-11 09:52:07', 5, 0, 'karta', 0, 1),
(550, 'vojta', 'florbal', '', 102, 1, '2016-12-11 21:37:48', 5, 0, 'hotovost', 0, 0),
(551, 'vojta', 'Albert', '', 25, 1, '2016-12-11 21:50:23', 1, 0, 'hotovost', 0, 0),
(552, 'vojta', 'praní', '', 20, 1, '2016-12-11 22:20:12', 5, 0, 'hotovost', 0, 0),
(553, 'vojta', 'Tesco', 'oběd', 53.8, 1, '2016-12-12 15:33:01', 1, 0, 'karta', 0, 0),
(554, 'vojta', 'ubytování', '', 2700, 1, '2016-12-13 11:00:28', 5, 0, 'hotovost', 0, 0),
(555, 'vojta', 'Tesco', '', 115.5, 1, '2016-12-13 16:45:25', 1, 0, 'karta', 0, 0),
(556, 'vojta', 'Albert', '', 61, 1, '2016-12-13 20:16:21', 1, 0, 'hotovost', 0, 0),
(557, 'vojta', 'tesco', 'suroviny na oběd', 140, 1, '2016-12-14 11:27:58', 1, 0, 'hotovost', 0, 0),
(558, 'vojta', 'Tesco', 'předoběd', 27, 1, '2016-12-15 12:10:03', 1, 0, 'hotovost', 0, 0),
(559, 'vojta', 'Tesco', 'brambory', 3.5, 1, '2016-12-16 13:11:12', 1, 0, 'karta', 0, 0),
(560, 'vojta', 'vlak', 'Parah -> ČB', 139, 1, '2016-12-16 13:56:25', 5, 0, 'karta', 0, 0),
(561, 'vojta', 'Vlak', 'ČB -> Parah', 143, 1, '2016-12-18 11:54:24', 5, 0, 'karta', 0, 0),
(562, 'vojta', 'Albert', 'večeře', 75, 1, '2016-12-18 16:26:57', 1, 0, 'karta', 0, 0),
(563, 'vojta', 'pizza', '', 30, 1, '2016-12-21 21:30:33', 1, 0, 'hotovost', 0, 0),
(564, 'vojta', 'výběr', 'výběr', 1500, 1, '2016-12-19 12:59:56', 5, 1, 'karta', 1, 0),
(565, 'vojta', 'Tesco', 'večeře', 40, 1, '2016-12-21 22:16:55', 1, 0, 'hotovost', 0, 0),
(566, 'vojta', 'penny', '', 35.4, 1, '2016-12-17 13:46:28', 1, 0, 'karta', 0, 0),
(567, 'vojta', 'MHD karta', '', 720, 1, '2016-12-19 12:16:31', 5, 0, 'hotovost', 0, 0),
(568, 'vojta', 'prodloužení ISIC', '', 180, 1, '2016-12-19 12:17:10', 5, 0, 'hotovost', 0, 0),
(569, 'vojta', 'Lidl', '', 63.84, 1, '2016-12-21 16:50:20', 1, 0, 'karta', 0, 0),
(570, 'vojta', 'Tesco', '', 141, 1, '2017-01-02 18:56:20', 1, 0, 'karta', 0, 0);
INSERT INTO `utrata_items` (`ID`, `UserID`, `nazev`, `popis`, `cena`, `kurz`, `datum`, `pozn`, `platnost`, `typ`, `vyber`, `odepsat`) VALUES
(571, 'vojta', 'Kaufland', '', 437, 1, '2017-01-02 22:36:05', 1, 0, 'karta', 0, 0),
(572, 'vojta', 'propadlá stravenka', '', 80, 1, '2017-01-03 00:31:05', 5, 0, 'hotovost', 0, 0),
(573, 'vojta', 'Tesco', '', 195.89, 1, '2017-01-04 21:47:32', 1, 0, 'karta', 0, 0),
(574, 'vojta', 'Tesco', '', 84.5, 1, '2017-01-04 11:22:27', 1, 0, 'karta', 0, 0),
(575, 'vojta', 'Tesco', '', 53.7, 1, '2017-01-05 13:25:56', 1, 0, 'karta', 0, 0),
(576, 'vojta', 'Albert', '', 43.2, 1, '2017-01-06 13:24:38', 1, 0, 'karta', 0, 0),
(577, 'vojta', 'pračka', '', 20, 1, '2017-01-06 14:11:39', 5, 0, 'hotovost', 0, 0),
(578, 'vojta', 'pračka', '', 20, 1, '2017-01-07 15:11:55', 5, 0, 'hotovost', 0, 0),
(579, 'vojta', 'Albert', '', 104.9, 1, '2017-01-08 18:36:21', 1, 0, 'karta', 0, 0),
(580, 'vojta', 'Billa', '', 66.54, 1, '2017-01-08 18:44:05', 1, 0, 'karta', 0, 0),
(581, 'vojta', 'Billa', '', 106, 1, '2017-01-10 20:21:24', 1, 0, 'karta', 0, 0),
(582, 'vojta', 'Billa', '', 52.02, 1, '2017-01-10 15:33:52', 1, 0, 'karta', 0, 0),
(583, 'vojta', 'vklad na menzakartu', '', 200, 1, '2017-01-11 14:44:29', 1, 0, 'hotovost', 0, 0),
(584, 'vojta', 'Tesco', '', 93.26, 1, '2017-01-11 23:44:44', 1, 0, 'karta', 0, 0),
(585, 'vojta', 'Lidl', '', 104.2, 1, '2017-01-12 20:33:54', 1, 0, 'karta', 0, 0),
(586, 'vojta', 'Albert', '', 394.3, 1, '2017-01-16 17:42:26', 1, 0, 'karta', 0, 0),
(587, 'vojta', 'Crosiant', 've vlaku', 20, 1, '2017-01-16 18:00:53', 1, 0, 'hotovost', 0, 0),
(588, 'vojta', 'vklad na regioJet kartu', '', 500, 1, '2017-01-16 22:42:19', 5, 0, 'karta', 0, 0),
(589, 'vojta', 'Albert', 'večeře', 103.8, 1, '2017-01-17 20:39:31', 1, 0, 'karta', 0, 0),
(590, 'vojta', 'Lidl', '', 59.8, 1, '2017-01-18 16:48:43', 1, 0, 'karta', 0, 0),
(591, 'vojta', 'Albert', '', 115.5, 1, '2017-01-18 17:31:31', 1, 0, 'karta', 0, 0),
(592, 'vojta', 'výběr', 'výběr', 3000, 1, '2017-01-20 13:48:53', 5, 1, 'karta', 1, 0),
(593, 'vojta', 'Tesco', '', 210.13, 1, '2017-01-20 13:32:04', 1, 0, 'karta', 0, 0),
(594, 'vojta', 'ubytování', '', 2700, 1, '2017-01-20 13:50:41', 5, 0, 'hotovost', 0, 0),
(595, 'vojta', 'Billa', '', 28.9, 1, '2017-01-21 16:24:09', 1, 0, 'karta', 0, 0),
(596, 'vojta', 'crosiant', 'RJ', 20, 1, '2017-01-21 17:04:28', 1, 0, 'hotovost', 0, 0),
(597, 'vojta', 'kaufland', '', 194.5, 1, '2017-01-22 19:54:53', 1, 0, 'karta', 0, 0),
(598, 'vojta', 'Lidl', '', 46.8, 1, '2017-01-23 19:55:21', 1, 0, 'karta', 0, 0),
(599, 'vojta', 'Lidl', '', 318, 1, '2017-01-23 19:56:50', 5, 0, 'karta', 0, 0),
(600, 'vojta', 'běžecké boty', '', 899, 1, '2017-01-24 16:44:09', 5, 0, 'karta', 0, 0),
(601, 'vojta', 'běžecké hole', '', 324, 1, '2017-01-24 16:53:47', 5, 0, 'karta', 0, 0),
(602, 'vojta', 'běžky', '', 1140, 1, '2017-01-24 17:48:11', 5, 0, 'karta', 0, 0),
(603, 'vojta', 'Vlak', 'Vizovice -> Zlín', 22, 1, '2017-01-27 13:04:23', 5, 0, 'karta', 0, 0),
(604, 'vojta', 'vlak', 'Otrokovice -> Praha', 176, 1, '2017-02-01 14:06:26', 5, 0, 'karta', 0, 0),
(605, 'vojta', 'Lidl', '', 91.6, 1, '2017-01-30 19:43:17', 1, 0, 'karta', 0, 0),
(606, 'vojta', 'Florbal', '', 50, 1, '2017-01-31 21:07:52', 5, 0, 'hotovost', 0, 0),
(607, 'vojta', 'Chleba', '', 23, 1, '2017-02-01 14:08:07', 1, 0, 'hotovost', 0, 0),
(608, 'vojta', 'výběr', 'výběr', 3000, 1, '2017-02-01 21:08:17', 5, 1, 'karta', 1, 0),
(609, 'vojta', 'Tesco', 'večeře', 60.9, 1, '2017-02-01 19:04:55', 1, 0, 'karta', 0, 0),
(610, 'vojta', 'Billa', '', 90.27, 1, '2017-02-02 20:10:19', 1, 0, 'karta', 0, 0),
(611, 'vojta', 'vlak', 'Praha -> Zlín', 18, 1, '2017-02-03 17:24:33', 5, 0, 'karta', 0, 0),
(612, 'vojta', 'Vlak', 'Zlín -> Přerov', 29, 1, '2017-02-07 07:39:03', 5, 0, 'hotovost', 0, 0),
(613, 'vojta', 'Vlak', 'Přerov -> Otrokovice', 22, 1, '2017-02-07 12:04:47', 5, 0, 'hotovost', 0, 0),
(614, 'vojta', 'občerstvení', '', 50, 1, '2017-02-10 21:50:59', 1, 0, 'hotovost', 0, 0),
(615, 'vojta', 'za cestu Adamovi', '', 200, 1, '2017-02-11 00:03:22', 5, 0, 'hotovost', 0, 0),
(616, 'vojta', 'vlak', 'ČB -> Praha', 143, 1, '2017-02-18 14:22:18', 5, 0, 'karta', 0, 0),
(617, 'vojta', 'Lidl', '', 29.9, 1, '2017-02-13 19:47:15', 1, 0, 'karta', 0, 0),
(618, 'vojta', 'autobus', 'Zlín -> ValMez', 61, 1, '2017-02-15 11:15:52', 5, 0, 'hotovost', 0, 0),
(619, 'vojta', 'vlak', 'ValMez -> Zlín', 76, 1, '2017-02-15 17:20:29', 5, 0, 'hotovost', 0, 0),
(620, 'vojta', 'Lidl', '', 44.8, 1, '2017-02-15 19:13:05', 1, 0, 'karta', 0, 0),
(621, 'vojta', 'Tesco', '', 106.4, 1, '2017-02-18 16:34:32', 1, 0, 'karta', 0, 0),
(622, 'vojta', 'očkování', 'klíšťová encefalitýda', 1025, 1, '2017-02-17 15:40:43', 5, 0, 'karta', 0, 0),
(623, 'vojta', 'Billa', 'zásoby', 297.47, 1, '2017-02-19 18:31:08', 1, 0, 'karta', 0, 0),
(624, 'vojta', 'Florbal', '', 60, 1, '2017-02-19 21:24:35', 5, 0, 'hotovost', 0, 0),
(625, 'vojta', 'Florbal', '', 50, 1, '2017-02-07 21:21:49', 5, 0, 'hotovost', 0, 0),
(626, 'vojta', 'ubytování', 'únor', 2700, 1, '2017-02-20 08:15:32', 5, 0, 'hotovost', 0, 0),
(627, 'vojta', 'Omotávka', 'Na florbalku', 299, 1, '2017-02-22 13:00:41', 5, 0, 'karta', 0, 0),
(628, 'vojta', 'Billa', '', 116.2, 1, '2017-02-22 14:51:22', 1, 0, 'karta', 0, 0),
(629, 'vojta', 'Albert', '', 89.3, 1, '2017-02-22 14:51:46', 1, 0, 'karta', 0, 0),
(630, 'vojta', 'Albert', 'Jar', 56.9, 1, '2017-02-21 19:30:00', 5, 0, 'karta', 0, 0),
(631, 'vojta', 'nákup', '', 100, 1, '2017-02-22 20:32:18', 1, 0, 'hotovost', 0, 0),
(632, 'vojta', 'vlak', 'Zlín -> Praha', 176, 1, '2017-02-25 21:46:31', 5, 0, 'karta', 0, 0),
(633, 'vojta', 'Lidl', 'Kalhoty', 299, 1, '2017-02-24 16:01:39', 5, 0, 'karta', 0, 0),
(634, 'vojta', 'Albert', 'Olomouc', 71, 1, '2017-02-26 16:59:07', 1, 0, 'karta', 0, 0),
(635, 'vojta', 'Florbal', '', 45, 1, '2017-02-26 22:09:42', 5, 0, 'hotovost', 0, 0),
(636, 'vojta', 'Albert', '', 201.7, 1, '2017-03-02 22:09:03', 1, 0, 'karta', 0, 0),
(637, 'vojta', 'Vklad na menzakartu', '', 200, 1, '2017-02-27 13:32:39', 1, 0, 'hotovost', 0, 0),
(638, 'vojta', 'Tesco', '', 22.9, 1, '2017-03-01 23:33:38', 1, 0, 'karta', 0, 0),
(639, 'vojta', 'Billa', '', 31.5, 1, '2017-02-27 13:45:06', 1, 0, 'karta', 0, 0),
(640, 'vojta', 'Kaufland', '', 394.98, 1, '2017-02-27 21:12:48', 1, 0, 'karta', 0, 0),
(641, 'vojta', 'Gyros', '', 65, 1, '2017-02-23 20:36:57', 1, 0, 'hotovost', 0, 0),
(642, 'vojta', 'Do pračky', '', 20, 1, '2017-02-22 23:44:34', 5, 0, 'hotovost', 0, 0),
(643, 'vojta', 'croisant', '', 20, 1, '2017-03-04 17:13:53', 1, 0, 'hotovost', 0, 0),
(644, 'vojta', 'vklad na RJ kartu', '', 733, 1, '2017-03-04 19:16:01', 5, 0, 'karta', 0, 0),
(645, 'vojta', 'Florbal', '', 45, 1, '2017-03-05 21:50:57', 5, 0, 'hotovost', 0, 0),
(646, 'vojta', 'Cesta Liberec', 'Příplatek za lyže', 20, 1, '2017-03-05 10:20:31', 5, 0, 'hotovost', 0, 0),
(647, 'vojta', 'Párky v rohlíku', '', 50, 1, '2017-03-05 14:21:28', 1, 0, 'hotovost', 0, 0),
(648, 'vojta', 'Albert', '', 125.8, 1, '2017-03-07 16:37:39', 1, 0, 'karta', 0, 0),
(649, 'vojta', 'džus', 'z pravých pomerančů', 30, 1, '2017-03-08 12:28:23', 1, 0, 'hotovost', 0, 0),
(650, 'vojta', 'vklad na menzakartu', '', 200, 1, '2017-03-06 12:24:12', 1, 0, 'hotovost', 0, 0),
(651, 'vojta', 'Albert', '', 53.7, 1, '2017-03-05 18:23:51', 1, 0, 'karta', 0, 0),
(652, 'vojta', 'Billa', '', 113.3, 1, '2017-03-06 18:14:26', 1, 0, 'karta', 0, 0),
(653, 'vojta', 'Albert', '', 56.8, 1, '2017-03-08 13:02:52', 1, 0, 'karta', 0, 0),
(654, 'vojta', 'Albert', '', 28.9, 1, '2017-03-08 10:08:35', 1, 0, 'karta', 0, 0),
(655, 'vojta', 'praní', '', 20, 1, '2017-03-08 20:37:56', 5, 0, 'hotovost', 0, 0),
(656, 'vojta', 'Crosiant', '', 20, 1, '2017-03-09 18:23:43', 1, 0, 'hotovost', 0, 0),
(657, 'vojta', 'lidl', '', 66.4, 1, '2017-03-09 20:30:51', 1, 0, 'karta', 0, 0),
(658, 'vojta', 'albert', '', 25.8, 1, '2017-03-12 20:00:15', 1, 0, 'karta', 0, 0),
(659, 'vojta', 'florbal', '', 60, 1, '2017-03-12 21:50:49', 5, 0, 'hotovost', 0, 0),
(660, 'vojta', 'Albert', '', 84.7, 1, '2017-03-12 22:46:23', 1, 0, 'karta', 0, 0),
(661, 'vojta', 'výběr', 'výběr', 3500, 1, '2017-03-13 15:08:40', 5, 1, 'karta', 1, 0),
(662, 'vojta', 'oběd', '', 135, 1, '2017-03-13 15:09:26', 1, 0, 'hotovost', 0, 0),
(663, 'vojta', 'obal', 'na mobil', 169, 1, '2017-03-13 14:09:43', 5, 0, 'karta', 0, 0),
(664, 'vojta', 'Albert', '', 102.1, 1, '2017-03-13 17:47:34', 1, 0, 'karta', 0, 0),
(665, 'vojta', 'tvrzené sklo', 'na mobil', 168, 1, '2017-03-13 22:33:37', 5, 0, 'karta', 0, 0),
(666, 'vojta', 'Billa', '', 102.8, 1, '2017-03-14 16:18:08', 1, 0, 'karta', 0, 0),
(667, 'vojta', 'Albert', '', 90.8, 1, '2017-03-14 22:44:13', 1, 0, 'karta', 0, 0),
(668, 'vojta', 'albert', '', 65.2, 1, '2017-03-15 13:00:53', 1, 0, 'karta', 0, 0),
(669, 'vojta', 'Billa', '', 76.73, 1, '2017-03-15 20:49:51', 1, 0, 'karta', 0, 0),
(670, 'vojta', 'Ubytování', '', 2700, 1, '2017-03-15 09:40:11', 5, 0, 'hotovost', 0, 0),
(671, 'vojta', 'Billa', '', 177.7, 1, '2017-03-16 20:40:39', 1, 0, 'karta', 0, 0),
(672, 'vojta', 'Vklad na RJ kartu', '', 1000, 1, '2017-03-17 11:19:54', 5, 0, 'karta', 0, 0),
(673, 'vojta', 'Džus', 'Osvěžení na florbale', 30, 1, '2017-03-15 11:21:49', 1, 0, 'hotovost', 0, 0),
(674, 'vojta', 'billa', '', 98.5, 1, '2017-03-17 19:33:32', 1, 0, 'karta', 0, 0),
(675, 'vojta', 'Doplatek za lyže', '', 20, 1, '2017-03-18 12:10:41', 5, 0, 'hotovost', 0, 0),
(676, 'vojta', 'Lístky', 'MHD ČB', 39, 1, '2017-03-19 14:11:51', 5, 0, 'hotovost', 0, 0),
(677, 'vojta', 'Billa', '', 91.47, 1, '2017-03-19 17:10:54', 1, 0, 'karta', 0, 0),
(678, 'vojta', 'albert', '', 75.3, 1, '2017-03-19 22:19:33', 1, 0, 'karta', 0, 0),
(679, 'vojta', 'Lístky', 'MHD ČB', 39, 1, '2017-03-19 14:11:51', 5, 0, 'hotovost', 0, 0),
(680, 'vojta', 'Vlak', 'Zlín -> Praha', 233, 1, '2017-03-26 16:09:51', 5, 0, 'karta', 0, 0),
(681, 'vojta', 'albert', '', 46.7, 1, '2017-03-20 18:00:41', 1, 0, 'karta', 0, 0),
(682, 'vojta', 'oběd', '', 99, 1, '2017-03-21 15:41:37', 1, 0, 'hotovost', 0, 0),
(683, 'vojta', 'Albert', '', 125.8, 1, '2017-03-22 13:50:40', 1, 0, 'karta', 0, 0),
(684, 'vojta', 'Croisant', '', 20, 1, '2017-03-23 17:10:14', 1, 0, 'hotovost', 0, 0),
(685, 'vojta', 'Billa', '', 32.7, 1, '2017-03-23 14:28:31', 1, 0, 'karta', 0, 0),
(686, 'vojta', 'Bageta', 'Olomoucká sváča ;)', 45, 1, '2017-03-24 10:32:04', 1, 0, 'hotovost', 0, 0),
(687, 'vojta', 'žvýkačky', '', 12, 1, '2017-03-24 09:18:24', 1, 0, 'hotovost', 0, 0),
(688, 'vojta', 'panini', 'LEO Express', 73, 1, '2017-03-26 14:37:02', 1, 0, 'hotovost', 0, 0),
(689, 'vojta', 'florbal', '', 60, 1, '2017-03-26 22:00:37', 5, 0, 'hotovost', 0, 0),
(690, 'vojta', 'lístek MHD', '', 24, 1, '2017-03-28 18:54:02', 5, 0, 'hotovost', 0, 0),
(691, 'vojta', 'nákup', '', 40, 1, '2017-03-27 19:54:16', 1, 0, 'hotovost', 0, 0),
(692, 'vojta', 'oběd', '', 87, 1, '2017-03-27 14:30:06', 1, 0, 'hotovost', 0, 0),
(693, 'vojta', 'billa', '', 144.89, 1, '2017-03-27 13:26:55', 1, 0, 'karta', 0, 0),
(694, 'vojta', 'billa', '', 72.07, 1, '2017-03-26 16:43:15', 1, 0, 'karta', 0, 0),
(695, 'vojta', 'vlak', 'Praha -> Zlín', 176, 1, '2017-03-29 00:12:21', 5, 0, 'karta', 0, 0),
(696, 'vojta', 'Albert', 'SNídaně', 35.8, 1, '2017-03-29 10:04:33', 1, 0, 'karta', 0, 0),
(697, 'vojta', 'Billa', '', 83.55, 1, '2017-03-29 12:56:13', 1, 0, 'karta', 0, 0),
(698, 'vojta', 'albert', '', 94.8, 1, '2017-03-29 20:26:46', 1, 0, 'karta', 0, 0),
(699, 'vojta', 'Lidl', '', 52.3, 1, '2017-03-30 20:57:17', 1, 0, 'karta', 0, 0),
(700, 'vojta', 'Lidl', '', 32.3, 1, '2017-04-01 09:12:40', 1, 0, 'karta', 0, 0),
(701, 'vojta', 'cesta Olomouc', '', 40, 1, '2017-04-01 08:25:57', 5, 0, 'hotovost', 0, 0),
(702, 'vojta', 'vlka', 'Zlín -> Olomouc', 41, 1, '2017-04-03 00:05:22', 5, 0, 'karta', 0, 0),
(703, 'vojta', 'smazané položky', 'někdo mazal co neměl', 1608.9, 1, '1970-01-01 00:00:33', 5, 0, 'karta', 0, 0),
(704, 'vojta', 'RJ snídaně', '', 30, 1, '2017-04-03 09:49:31', 1, 0, 'hotovost', 0, 0),
(705, 'vojta', 'Teta', 'toaleťák', 69.9, 1, '2017-04-03 18:24:07', 5, 0, 'karta', 0, 0),
(706, 'vojta', 'Billa', '', 39, 1, '2017-04-03 18:19:55', 1, 0, 'karta', 0, 0),
(707, 'vojta', 'kartička MHD', 'duben- červenec', 720, 1, '2017-04-03 11:20:25', 5, 0, 'karta', 0, 0),
(708, 'vojta', 'vlak', 'Olomouc -> Praha', 91, 1, '2017-04-03 21:48:46', 5, 0, 'hotovost', 0, 0),
(709, 'vojta', 'vklad na menzakartu', '', 200, 1, '2017-03-29 14:51:56', 1, 0, 'hotovost', 0, 0),
(710, 'vojta', 'čachry machry', 'mamka smazala záznamy, toto je jen vyrovnání', 53, 1, '1970-01-01 00:00:55', 5, 0, 'hotovost', 0, 0),
(711, 'vojta', 'Billa', '', 73.88, 1, '2017-04-04 16:47:10', 1, 0, 'karta', 0, 0),
(712, 'vojta', 'Albert', '', 30.7, 1, '2017-04-04 22:44:01', 1, 0, 'karta', 0, 0),
(713, 'vojta', 'Lidl', '', 13.3, 1, '2017-04-05 13:33:55', 1, 0, 'karta', 0, 0),
(714, 'vojta', 'albert', '', 56.6, 1, '2017-04-05 16:47:00', 1, 0, 'karta', 0, 0),
(715, 'vojta', 'billa', '', 44.18, 1, '2017-04-05 17:02:13', 1, 0, 'karta', 0, 0),
(716, 'vojta', 'Vlak', 'Zlín -> Olomouc', 41, 1, '2017-04-05 22:05:21', 5, 0, 'karta', 0, 0),
(717, 'vojta', 'crosiant', '', 20, 1, '2017-04-06 19:11:26', 1, 0, 'hotovost', 0, 0),
(718, 'vojta', 'lidl', '', 14.9, 1, '2017-04-06 20:33:09', 1, 0, 'karta', 0, 0),
(719, 'vojta', 'výběr', 'Lidl - vrácení zboží', 199, 1, '2017-04-05 18:02:35', 5, 1, 'karta', 1, 0),
(720, 'vojta', 'tachometr', 'od Adama', 120, 1, '2017-04-09 13:10:24', 5, 0, 'hotovost', 0, 0),
(721, 'vojta', 'vlak', 'Zlín -> Olomouc', 40, 1, '2017-04-10 07:58:42', 5, 0, 'hotovost', 0, 0),
(722, 'vojta', 'Billa', '', 57.4, 1, '2017-04-10 14:29:03', 1, 0, 'karta', 0, 0),
(723, 'vojta', 'Albert', '', 47.8, 1, '2017-04-10 19:25:40', 1, 0, 'karta', 0, 0),
(724, 'vojta', 'Albert', '', 49.9, 1, '2017-04-10 19:49:57', 1, 0, 'karta', 0, 0),
(725, 'vojta', 'Billa', '', 86.1, 1, '2017-04-11 16:40:39', 1, 0, 'karta', 0, 0),
(726, 'vojta', 'Billa', '', 32.3, 1, '2017-04-11 14:15:59', 1, 0, 'karta', 0, 0),
(727, 'vojta', 'vlak', 'Praha -> Přerov', 166, 1, '2017-04-11 21:25:44', 5, 0, 'karta', 0, 0),
(728, 'vojta', 'Albert', '', 9.9, 1, '2017-04-11 22:38:56', 1, 0, 'karta', 0, 0),
(729, 'vojta', 'Tesco', '', 33, 1, '2017-04-11 22:57:18', 1, 0, 'karta', 0, 0),
(730, 'vojta', 'vlak', 'Horní Moštěnice -> Otrokovice', 32, 1, '2017-04-12 19:12:04', 5, 0, 'hotovost', 0, 0),
(731, 'vojta', 'gyros v pitě', '', 65, 1, '2017-04-12 20:40:18', 1, 0, 'hotovost', 0, 0),
(732, 'vojta', 'Lidl', '', 60.2, 1, '2017-04-12 20:48:40', 1, 0, 'karta', 0, 0),
(733, 'vojta', 'gyros', '', 50, 1, '2017-04-15 23:08:27', 1, 0, 'hotovost', 0, 0),
(734, 'vojta', 'lidl', '', 29.8, 1, '2017-04-14 09:35:41', 1, 0, 'karta', 0, 0),
(735, 'vojta', 'lidl', '', 59.7, 1, '2017-04-15 19:23:20', 1, 0, 'karta', 0, 0),
(736, 'vojta', 'vlak', 'Zlín -> Praha', 176, 1, '2017-04-16 02:40:32', 5, 0, 'karta', 0, 0),
(737, 'vojta', 'Ronymu', 'na naftu', 70, 1, '2017-04-17 15:58:52', 5, 0, 'hotovost', 0, 0),
(738, 'vojta', 'Tesco', '', 81.85, 1, '2017-04-18 17:02:03', 1, 0, 'karta', 0, 0),
(739, 'vojta', 'ubytování', '', 2700, 1, '2017-04-18 17:27:13', 5, 0, 'karta', 0, 0),
(740, 'vojta', 'albert', '', 152.7, 1, '2017-04-19 17:34:57', 1, 0, 'karta', 0, 0),
(741, 'vojta', 'Tesco', '', 83.6, 1, '2017-04-20 17:10:00', 1, 0, 'karta', 0, 0),
(742, 'vojta', 'praní', '', 20, 1, '2017-04-20 19:59:00', 5, 0, 'hotovost', 0, 0),
(743, 'vojta', 'Kofola', '', 40, 1, '2017-04-22 19:01:00', 1, 0, 'hotovost', 0, 0),
(744, 'vojta', 'Vlak', 'Vizovice -> Zlín', 52, 1, '2017-04-22 22:02:00', 5, 0, 'hotovost', 0, 0),
(745, 'vojta', 'na RJ kartu', '', 1174, 1, '2017-04-23 10:26:00', 5, 0, 'karta', 0, 0),
(746, 'vojta', 'Tesco', '', 112.2, 1, '2017-04-23 23:38:00', 1, 0, 'karta', 0, 0),
(747, 'vojta', 'Vlak', 'Vizovice -> Zlín', 52, 1, '2017-04-22 22:02:00', 5, 0, 'hotovost', 0, 0),
(748, 'vojta', 'vklad na menzakartu', '', 100, 1, '2017-04-25 15:08:00', 1, 0, 'hotovost', 0, 0),
(749, 'vojta', 'Albert', '', 218.9, 1, '2017-04-26 22:39:00', 1, 0, 'karta', 0, 0),
(750, 'vojta', 'Billa', '', 111.2, 1, '2017-04-27 16:40:00', 1, 0, 'karta', 0, 0),
(751, 'vojta', 'Albert', '', 40.8, 1, '2017-04-26 09:39:00', 1, 0, 'karta', 0, 0),
(752, 'vojta', 'vlak', 'Zlín -> Olomouc', 41, 1, '2017-04-28 21:07:00', 5, 0, 'karta', 0, 0),
(753, 'vojta', 'Tesco', '', 203.8, 1, '2017-04-24 18:29:00', 1, 0, 'karta', 0, 0),
(754, 'vojta', 'Doplatek', 'RJ', 90, 1, '2017-04-29 08:50:00', 5, 0, 'hotovost', 0, 0),
(755, 'vojta', 'Albert', '', 109.5, 1, '2017-05-02 21:47:00', 1, 0, 'karta', 0, 0),
(756, 'vojta', 'výběr', 'výběr', 1600, 1, '2017-05-02 22:08:00', 5, 1, 'karta', 1, 0),
(757, 'vojta', 'Albert', '', 69.6, 1, '2017-05-03 19:15:00', 1, 0, 'karta', 0, 0),
(758, 'vojta', 'Doplatek', 'RJ', 91, 1, '2017-04-29 08:50:00', 5, 0, 'hotovost', 0, 0),
(759, 'vojta', 'Crosiant', '', 20, 1, '2017-05-04 19:02:00', 1, 0, 'hotovost', 0, 0),
(760, 'vojta', 'Autobus', 'Zlín -> Holešov', 26, 1, '2017-05-05 07:44:00', 5, 0, 'hotovost', 0, 0),
(761, 'vojta', 'Vlak', 'Holešov -> Rožnov', 54, 1, '2017-05-05 08:21:00', 5, 0, 'hotovost', 0, 0),
(762, 'vojta', 'Vlak', 'Frýdlant -> Hulín', 85, 1, '2017-05-05 17:02:00', 5, 0, 'hotovost', 0, 0),
(763, 'vojta', 'Vlak', 'Hulín -> Otrokovice', 21, 1, '2017-05-05 19:32:00', 5, 0, 'hotovost', 0, 0),
(764, 'vojta', 'Kofola', 'Radegast', 21, 1, '2017-05-05 12:42:00', 1, 0, 'hotovost', 0, 0),
(765, 'vojta', 'Příspěvek', 'Do společného - domeček', 200, 1, '2017-05-08 22:10:00', 5, 0, 'hotovost', 0, 0),
(766, 'vojta', 'vklad na menzakartu', '', 200, 1, '2017-05-09 13:30:00', 1, 0, 'hotovost', 0, 0),
(767, 'vojta', 'billa', '', 222.81, 1, '2017-05-09 15:35:00', 1, 0, 'karta', 0, 0),
(768, 'vojta', 'Albert', '', 206.7, 1, '2017-05-10 14:20:00', 1, 0, 'karta', 0, 0),
(769, 'vojta', 'vklad na RJ kartu', '', 1300, 1, '2017-05-10 23:55:00', 5, 0, 'karta', 0, 0),
(770, 'vojta', 'ubytování', '', 2700, 1, '2017-05-11 12:59:00', 5, 0, 'karta', 0, 0),
(771, 'vojta', 'Crosiant', '', 20, 1, '2017-05-11 19:27:00', 1, 0, 'hotovost', 0, 0),
(772, 'vojta', 'Tesco', '', 44.75, 1, '2017-05-14 22:39:00', 1, 0, 'karta', 0, 0),
(773, 'vojta', 'billa', '', 40.9, 1, '2017-05-15 12:01:00', 1, 0, 'karta', 0, 0),
(774, 'vojta', 'Tesco', '', 118.59, 1, '2017-05-15 23:45:00', 1, 0, 'karta', 0, 0),
(775, 'vojta', 'Tesco', '', 33, 1, '2017-05-17 23:45:00', 1, 0, 'hotovost', 0, 0),
(776, 'vojta', 'kaufland', 'věci na gril', 51.4, 1, '2017-05-13 21:28:00', 1, 0, 'karta', 0, 0),
(777, 'vojta', 'Albert', '', 225.5, 1, '2017-05-16 20:47:00', 1, 0, 'karta', 0, 0),
(778, 'vojta', 'crosiant', '', 20, 1, '2017-05-18 18:25:00', 1, 0, 'hotovost', 0, 0),
(779, 'vojta', 'Lidl', '', 86, 1, '2017-05-21 19:39:00', 1, 0, 'karta', 0, 0),
(780, 'vojta', 'Albert', '', 143.7, 1, '2017-05-20 15:57:00', 1, 0, 'karta', 0, 0),
(781, 'vojta', 'kaufland', 'odepsat - cheesecake', 231, 1, '2017-05-18 21:31:00', 1, 0, 'karta', 0, 1),
(782, 'vojta', 'praní', '', 20, 1, '2017-05-21 20:49:00', 5, 0, 'hotovost', 0, 0),
(783, 'vojta', 'Tesco', '', 153.7, 1, '2017-05-21 23:08:00', 5, 0, 'karta', 0, 0),
(784, 'vojta', 'Albert', '', 130.3, 1, '2017-05-22 20:22:00', 1, 0, 'karta', 0, 0),
(785, 'vojta', 'Vklad na menzakartu', '', 200, 1, '2017-05-24 14:52:00', 1, 0, 'hotovost', 0, 0),
(786, 'vojta', 'billa', '', 95.7, 1, '2017-05-24 16:18:00', 1, 0, 'karta', 0, 0),
(787, 'vojta', 'lidl', '', 58.1, 1, '2017-05-23 19:48:00', 1, 0, 'karta', 0, 0),
(788, 'vojta', 'lidl', 'kraťase', 249, 1, '2017-05-23 19:47:00', 5, 0, 'karta', 0, 0),
(789, 'vojta', 'kaufland', '', 51.29, 1, '2017-05-25 11:20:00', 1, 0, 'karta', 0, 0),
(790, 'vojta', 'billa', '', 49.25, 1, '2017-05-25 20:11:00', 1, 0, 'karta', 0, 0),
(791, 'vojta', 'Albert', '', 159.3, 1, '2017-05-25 20:22:00', 1, 0, 'karta', 0, 0),
(792, 'vojta', 'lidl', '', 76.1, 1, '2017-05-26 16:45:00', 1, 0, 'karta', 0, 0),
(793, 'vojta', 'vlak', 'Praha -> Zlín', 176, 1, '2017-05-26 17:42:00', 5, 0, 'karta', 0, 0),
(794, 'vojta', 'Vklad na menzakartu', '', 200, 1, '2017-05-24 14:52:00', 1, 0, 'hotovost', 0, 0),
(795, 'vojta', 'Crosiant', '', 20, 1, '2017-05-29 20:29:00', 1, 0, 'hotovost', 0, 0),
(796, 'vojta', 'Lidl', '', 99.3, 1, '2017-05-28 07:03:00', 1, 0, 'karta', 0, 0),
(797, 'vojta', 'Albert', '', 49.4, 1, '2017-05-29 19:35:00', 1, 0, 'karta', 0, 0),
(798, 'vojta', 'Albert', '', 167.2, 1, '2017-05-30 20:48:00', 1, 0, 'karta', 0, 0),
(799, 'vojta', 'Pečivo', '', 10, 1, '2017-05-31 23:28:00', 1, 0, 'hotovost', 0, 0),
(800, 'vojta', 'Cesta Filipovi ', '', 100, 1, '2017-06-02 17:47:00', 5, 0, 'hotovost', 0, 0),
(801, 'vojta', 'Tesco', 'UHerský Brod', 34.1, 1, '2017-06-02 10:38:00', 1, 0, 'karta', 0, 0),
(802, 'vojta', 'Tesco', 'UH', 15.9, 1, '2017-06-02 18:29:00', 1, 0, 'karta', 0, 0),
(803, 'vojta', 'Hanácká', 'na rozhledně', 17, 1, '2017-06-02 16:49:00', 1, 0, 'hotovost', 0, 0),
(804, 'vojta', 'Řadící lanko', '', 40, 1, '2017-06-02 16:04:00', 5, 0, 'hotovost', 0, 0),
(805, 'vojta', 'Crosiant', '', 20, 1, '2017-06-01 10:51:00', 1, 0, 'hotovost', 0, 0),
(806, 'vojta', 'Crosiant', '', 20, 1, '2017-06-05 21:22:00', 1, 0, 'hotovost', 0, 0),
(807, 'vojta', 'Tesco', '', 169.96, 1, '2017-06-05 23:35:00', 1, 0, 'karta', 0, 0),
(808, 'vojta', 'Kaufland', '', 7.9, 1, '2017-06-06 11:30:00', 1, 0, 'karta', 0, 0),
(809, 'vojta', 'Albert', '', 48.8, 1, '2017-06-07 20:40:00', 1, 0, 'karta', 0, 0),
(810, 'vojta', 'Albert', '', 39.8, 1, '2017-06-07 22:46:00', 1, 0, 'karta', 0, 0),
(811, 'vojta', 'Prodloužení aplikace', 'Jízdní řády', 0, 1, '2017-06-07 22:20:00', 5, 0, 'karta', 0, 0),
(812, 'vojta', 'Crosiant', '', 40, 1, '2017-06-08 11:46:00', 1, 0, 'hotovost', 0, 0),
(813, 'vojta', 'billa', '', 95.2, 1, '2017-06-06 20:24:00', 1, 0, 'karta', 0, 0),
(814, 'vojta', 'AliExpress', 'komponenty na mobil - odepsat', 76.36, 1, '2017-06-09 17:28:00', 5, 0, 'karta', 0, 1),
(815, 'vojta', 'ubytování', '', 2700, 1, '2017-06-09 18:02:00', 5, 0, 'karta', 0, 0),
(816, 'vojta', 'lidl', '', 46.8, 1, '2017-06-11 19:16:00', 1, 0, 'karta', 0, 0),
(817, 'vojta', 'lidl', '', 134.6, 1, '2017-06-09 19:43:00', 1, 0, 'karta', 0, 0),
(818, 'vojta', 'kaufland', '', 26.8, 1, '2017-06-13 21:46:00', 1, 0, 'karta', 0, 0),
(819, 'vojta', 'lidl', '', 19.9, 1, '2017-06-15 15:55:00', 1, 0, 'karta', 0, 0),
(820, 'vojta', 'batman-bike', 'pro Peťku', 179, 1, '2017-06-15 15:48:00', 5, 0, 'hotovost', 0, 0),
(821, 'vojta', 'Lidl', '', 56.3, 1, '2017-06-18 12:17:00', 1, 0, 'karta', 0, 0),
(822, 'vojta', 'Lidl', '', 90.9, 1, '2017-06-16 14:25:00', 1, 0, 'karta', 0, 0),
(823, 'vojta', 'Lidl', '', 51, 1, '2017-06-20 17:40:00', 1, 0, 'karta', 0, 0),
(824, 'vojta', 'Tesco', 'Olomouc', 128, 1, '2017-06-20 19:44:00', 1, 0, 'karta', 0, 0),
(825, 'vojta', 'Itunes', 'Prodloužení aplikace', 59, 1, '2017-06-12 22:24:00', 5, 0, 'karta', 0, 0),
(826, 'vojta', 'Albert', 'Zmrzlina', 20.9, 1, '2017-06-21 18:32:00', 1, 0, 'karta', 0, 0),
(827, 'vojta', 'Tesco', '', 151.9, 1, '2017-06-21 22:03:00', 1, 0, 'karta', 0, 0),
(828, 'vojta', 'Albert', '', 20.9, 1, '2017-06-22 13:11:00', 1, 0, 'karta', 0, 0),
(829, 'vojta', 'Praní', '', 20, 1, '2017-06-22 00:04:00', 5, 0, 'hotovost', 0, 0),
(830, 'vojta', 'Kofola', 'Pokec s kámošama', 35, 1, '2017-06-22 18:52:00', 1, 0, 'karta', 0, 0),
(831, 'vojta', 'Kofola', '', 35, 1, '2017-06-22 19:13:00', 1, 0, 'hotovost', 0, 0),
(832, 'vojta', 'vlak', 'Praha -> Zlín', 176, 1, '2017-06-24 00:08:00', 5, 0, 'karta', 0, 0),
(833, 'vojta', 'lidl', '', 103.5, 1, '2017-06-26 18:06:00', 1, 0, 'karta', 0, 0),
(834, 'vojta', 'lidl', '', 30.7, 1, '2017-06-27 08:08:00', 1, 0, 'karta', 0, 0),
(835, 'vojta', 'lidl', '', 25.1, 1, '2017-06-28 08:18:00', 1, 0, 'karta', 0, 0),
(836, 'vojta', 'lidl', '', 115.2, 1, '2017-06-28 16:49:00', 1, 0, 'karta', 0, 0),
(837, 'vojta', 'zmrzlina', 'lidečko', 17, 1, '2017-07-01 12:40:00', 1, 0, 'hotovost', 0, 0),
(838, 'vojta', 'lidl', '', 37.8, 1, '2017-06-29 17:17:00', 1, 0, 'karta', 0, 0),
(839, 'vojta', 'vlak', '', 57, 1, '2017-07-01 13:53:00', 5, 0, 'karta', 0, 0),
(840, 'vojta', 'aliexpress', 'odepsat', 128.05, 1, '2017-07-02 16:08:00', 5, 0, 'karta', 0, 1),
(841, 'vojta', 'batman-bike', 'brašna', 275, 1, '2017-07-03 15:45:00', 5, 0, 'karta', 0, 0),
(842, 'vojta', 'lidl', '', 41.7, 1, '2017-07-03 08:12:00', 1, 0, 'karta', 0, 0),
(843, 'vojta', 'lidl', '', 27.2, 1, '2017-07-03 15:33:00', 1, 0, 'karta', 0, 0),
(844, 'vojta', 'lidl', '', 59.5, 1, '2017-07-10 14:48:00', 1, 0, 'karta', 0, 0),
(845, 'vojta', 'lidl', '', 121, 1, '2017-07-07 15:46:00', 1, 0, 'karta', 0, 0),
(846, 'vojta', 'lidl', '', 52.6, 1, '2017-07-04 08:06:00', 1, 0, 'karta', 0, 0),
(847, 'vojta', 'lidl', '', 48.5, 1, '2017-07-07 13:56:00', 1, 0, 'karta', 0, 0),
(848, 'vojta', 'vklad na RJ kartu', '', 400, 1, '2017-07-08 21:00:00', 5, 0, 'karta', 0, 0),
(849, 'vojta', 'Lidl', '', 40.7, 1, '2017-07-12 17:15:00', 1, 0, 'karta', 0, 0),
(850, 'vojta', 'Lidl', '', 40.1, 1, '2017-07-14 16:24:00', 1, 0, 'karta', 0, 0),
(851, 'vojta', 'Vlak', 'ValMez -> Rožnov p. R.', 51, 1, '2017-07-15 11:14:00', 5, 0, 'karta', 0, 0),
(852, 'vojta', 'Kaufland', 'ValMez', 9.9, 1, '2017-07-15 10:58:00', 1, 0, 'karta', 0, 0),
(853, 'vojta', 'Vlak', 'Frenštát p. R. -> Hulín', 117, 1, '2017-07-15 14:53:00', 5, 0, 'karta', 0, 0),
(854, 'vojta', 'Albert', 'Kofola', 29.9, 1, '2017-07-15 15:08:00', 1, 0, 'karta', 0, 0),
(855, 'vojta', 'lidl', '', 54.7, 1, '2017-07-16 12:21:00', 1, 0, 'karta', 0, 0),
(856, 'vojta', 'lidl', '', 82.4, 1, '2017-07-17 12:16:00', 1, 0, 'karta', 0, 0),
(857, 'vojta', 'lidl', '', 48.5, 1, '2017-07-18 12:53:00', 1, 0, 'karta', 0, 0),
(858, 'vojta', 'batman-bike', 'řetaz & lepení', 433, 1, '2017-07-19 15:32:00', 5, 0, 'karta', 0, 0),
(859, 'vojta', 'albert', '', 32.9, 1, '2017-07-19 16:41:00', 1, 0, 'karta', 0, 0),
(860, 'vojta', 'cestovní pas', '', 600, 1, '2017-07-19 16:24:00', 5, 0, 'karta', 0, 0),
(861, 'vojta', 'lidl', '', 90.4, 1, '2017-07-20 15:17:00', 1, 0, 'karta', 0, 0),
(862, 'vojta', 'lidl', 'oběd', 71.4, 1, '2017-07-24 14:12:00', 1, 0, 'karta', 0, 0),
(863, 'vojta', 'Lidl', '', 33.8, 1, '2017-07-25 14:53:00', 1, 0, 'karta', 0, 0),
(864, 'vojta', 'dárek', 'odepsat', 69, 1, '2017-07-28 19:23:00', 5, 0, 'hotovost', 0, 1),
(865, 'vojta', 'billa', 'zmrzka', 44, 1, '2017-07-28 15:11:00', 1, 0, 'hotovost', 0, 0),
(866, 'vojta', 'oběd', '', 75, 1, '2017-07-28 15:10:00', 1, 0, 'hotovost', 0, 0),
(867, 'vojta', 'e-bay', 'převodník Shimano SLX 32z, 44z', 398.06, 1, '2017-07-28 22:07:00', 5, 0, 'karta', 0, 0),
(868, 'vojta', 'kaufland', '', 39.7, 1, '2017-07-28 18:05:00', 1, 0, 'karta', 0, 0),
(869, 'vojta', 'kaufland', '', 30.8, 1, '2017-08-05 10:55:00', 1, 0, 'karta', 0, 0),
(870, 'vojta', 'takko Vsetín', 'trenky & plavky', 323, 1, '2017-08-05 11:04:00', 5, 0, 'karta', 0, 0),
(871, 'vojta', 'penny Vizovice', '', 21.6, 1, '2017-08-12 15:54:00', 1, 0, 'karta', 0, 0),
(872, 'vojta', 'billa', '', 43.8, 1, '2017-08-13 19:44:00', 1, 0, 'karta', 0, 0),
(873, 'vojta', 'kaufland', '', 32.5, 1, '2017-08-14 17:20:00', 1, 0, 'karta', 0, 0),
(874, 'vojta', 'Cyklo Holešov', '9-kazeta, bič, stahovák kazety', 734, 1, '2017-08-15 16:39:00', 5, 0, 'karta', 0, 0),
(876, 'vojta', 'lidl', '', 148.7, 1, '2017-08-18 16:42:00', 1, 0, 'karta', 0, 0),
(877, 'vojta', 'vlak', 'Otrokovice -> Olomouc', 58, 1, '2017-08-18 21:52:00', 5, 0, 'hotovost', 0, 0),
(878, 'vojta', 'výběr', '', 536.36, 1, '2017-08-20 16:43:00', 5, 1, 'karta', 1, 0),
(879, 'vojta', 'tesco', '', 349.55, 1, '2017-08-20 17:56:00', 5, 0, 'karta', 0, 0),
(880, 'vojta', 'tesco', '', 48.16, 1, '2017-08-20 20:21:00', 1, 0, 'karta', 0, 0),
(881, 'vojta', 'nudle', 'v Popradu', 32.18, 1, '2017-08-20 19:50:00', 1, 0, 'hotovost', 0, 0),
(882, 'vojta', 'kofola + h. čokoláda', 'na festivalu v Nové Lesné', 40.23, 1, '2017-08-19 20:42:00', 1, 0, 'hotovost', 0, 0),
(883, 'vojta', 'ubytování', '', 402.27, 1, '2017-08-19 19:45:00', 5, 0, 'hotovost', 0, 0),
(884, 'vojta', 'kaufland', '', 58.7, 1, '2017-08-21 21:01:00', 1, 0, 'karta', 0, 0),
(885, 'vojta', 'lidl', '', 83.4, 1, '2017-08-23 16:22:00', 1, 0, 'karta', 0, 0),
(886, 'vojta', 'vklad na RJ kartu', '', 1000, 1, '2017-08-24 22:24:00', 5, 0, 'karta', 0, 0),
(887, 'vojta', 'cestovní pojištěné', '', 36, 1, '2017-08-25 07:48:00', 5, 0, 'karta', 0, 1),
(888, 'vojta', 'lidl', 'jídlo na cestu', 88.1, 1, '2017-08-25 14:12:00', 1, 0, 'karta', 0, 0),
(889, 'vojta', 'lidl', '', 59.5, 1, '2017-08-24 15:47:00', 1, 0, 'karta', 0, 0),
(890, 'vojta', 'tesco', '', 3.09, 26.92233, '2017-08-26 18:47:00', 1, 0, 'karta', 0, 0),
(891, 'vojta', 'od Kolji', '', 303, 1, '2017-08-26 19:10:00', 5, 1, 'karta', 1, 0),
(892, 'vojta', 'lidl', '', 54.4, 1, '2017-08-30 15:01:00', 1, 0, 'karta', 0, 0),
(1024, 'jana', 'Lidl', 'Nakup', 115, 1, '2016-03-01 17:30:16', 1, 1, 'hotovost', 0, 0),
(1025, 'jana', 'Lekarna', 'Mast Canesten', 129, 1, '2016-03-01 20:57:21', 4, 1, 'karta', 0, 0),
(1026, 'jana', 'Tesco', 'Jidlo (vcetne fixu na tabuli)', 121.88, 1, '2016-03-01 20:58:34', 1, 1, 'karta', 0, 0),
(1027, 'jana', 'Obed', '', 51, 1, '2016-03-01 21:15:01', 1, 1, 'hotovost', 0, 0),
(1028, 'jana', 'Kava', '', 29, 1, '2016-03-02 18:39:21', 1, 1, 'hotovost', 0, 0),
(1029, 'jana', 'Albert ', 'Jidlo', 160.9, 1, '2016-03-04 19:13:59', 1, 1, 'karta', 0, 0),
(1030, 'jana', 'FNKV lekarna', 'Masticka', 50, 1, '2016-03-04 19:15:08', 1, 1, 'karta', 0, 0),
(1031, 'jana', 'Lidl', 'Jidlo', 81.77, 1, '2016-03-05 15:46:04', 1, 1, 'karta', 0, 0),
(1032, 'jana', 'Albert', 'Jidlo nakup', 43.5, 1, '2016-03-06 22:22:39', 1, 1, 'karta', 0, 0),
(1033, 'jana', 'Jidelna', 'Obed - bez slevy', 94, 1, '2016-03-08 18:55:32', 1, 1, 'hotovost', 0, 0),
(1034, 'jana', 'Listky do Divadla', 'Zkroceni zle zeny', 80, 1, '2016-03-08 18:55:55', 5, 1, 'karta', 0, 0),
(1035, 'jana', 'Jidlo', 'Kafe', 29, 1, '2016-03-08 18:56:07', 1, 1, 'hotovost', 0, 0),
(1036, 'jana', 'Tesco', '', 21, 1, '2016-03-08 22:39:08', 1, 1, 'karta', 0, 0),
(1037, 'jana', 'Kava', 'Kava - uceni ', 60, 1, '2016-03-09 14:18:21', 1, 1, 'hotovost', 0, 0),
(1038, 'jana', 'Albert', 'Knedlik', 11.9, 1, '2016-03-09 14:18:48', 1, 1, 'karta', 0, 0),
(1039, 'jana', 'Tesco', 'Nakup', 30, 1, '2016-03-09 21:52:39', 1, 1, 'karta', 0, 0),
(1040, 'jana', 'Albert', 'Jidlo', 89.5, 1, '2016-03-10 21:29:15', 1, 1, 'karta', 0, 0),
(1041, 'jana', 'CD', 'Jizdenka do Zlina', 179, 1, '2016-03-10 21:58:28', 2, 1, 'karta', 0, 0),
(1042, 'jana', 'CD', 'Jizdenka do Prahy', 176, 1, '2016-03-12 17:26:45', 2, 1, 'karta', 0, 0),
(1043, 'jana', 'Hospoda', 'Posezeni s holkama', 95, 1, '2016-03-14 16:27:16', 5, 1, 'hotovost', 0, 0),
(1044, 'jana', 'Jidelna', 'Dobiti kreditu', 300, 1, '2016-03-14 16:27:35', 1, 1, 'hotovost', 0, 0),
(1045, 'jana', 'Jidelna', 'Kafe', 29, 1, '2016-03-14 16:27:47', 1, 1, 'hotovost', 0, 0),
(1046, 'jana', 'Najem', 'Najem duben', 2617, 1, '2016-03-14 16:28:31', 5, 1, 'karta', 0, 0),
(1047, 'jana', 'Lidl', 'Jidlo + lekarske kalhoty', 315.68, 1, '2016-03-15 16:40:26', 1, 1, 'karta', 0, 0),
(1048, 'jana', 'Jidelna', 'Obed', 57, 1, '2016-03-15 16:40:47', 1, 1, 'hotovost', 0, 0),
(1049, 'jana', 'Jidelna', 'Kava', 29, 1, '2016-03-15 16:40:59', 1, 1, 'hotovost', 0, 0),
(1050, 'jana', 'Lidl', 'Jidlo', 165.4, 1, '2016-03-16 20:12:00', 1, 1, 'karta', 0, 0),
(1051, 'jana', 'Tesco', 'Houska', 9, 1, '2016-03-17 21:48:30', 1, 1, 'hotovost', 0, 0),
(1052, 'jana', 'Divadlo', 'Listky do divadla pro Vojtu', 40, 1, '2016-03-17 22:06:57', 5, 1, 'karta', 0, 0),
(1053, 'jana', 'Jidelna', 'Obed', 51, 1, '2016-03-21 18:58:27', 1, 1, 'hotovost', 0, 0),
(1054, 'jana', 'Jidelna', 'Kava', 29, 1, '2016-03-21 18:58:43', 1, 1, 'hotovost', 0, 0),
(1055, 'jana', 'Billa', 'Jidlo - 18.3', 78.02, 1, '2016-03-22 21:25:18', 1, 1, 'karta', 0, 0),
(1056, 'jana', 'Albert', 'Jidlo - 20.3', 18.9, 1, '2016-03-22 21:25:46', 1, 1, 'karta', 0, 0),
(1057, 'jana', 'Tesco', 'Lepidlo, do kone cvakacky', 27.7, 1, '2016-03-22 21:26:19', 5, 1, 'karta', 0, 0),
(1058, 'jana', 'Kava', '2x', 30, 1, '2016-03-22 21:26:52', 1, 1, 'hotovost', 0, 0),
(1059, 'jana', 'Vajicka', 'Vajicka velikonocni', 66, 1, '2016-03-22 21:27:10', 1, 1, 'hotovost', 0, 0),
(1060, 'jana', 'Jizdenka', 'Praha - Zlin ', 176, 1, '2016-03-29 20:26:45', 2, 1, 'karta', 0, 0),
(1061, 'jana', 'Jizdenka', 'Zlin - Praha', 176, 1, '2016-03-29 20:26:59', 1, 1, 'karta', 0, 0),
(1062, 'jana', 'Jizdenka', 'Praha - listek ', 40, 1, '2016-03-29 20:27:19', 2, 1, 'hotovost', 0, 0),
(1063, 'jana', 'Kava', 'Cesta do Prahy', 22, 1, '2016-03-29 20:27:41', 1, 1, 'hotovost', 0, 0),
(1064, 'jana', 'Jidlo', 'Houska - po 28.3', 9, 1, '2016-03-30 20:05:42', 1, 1, 'hotovost', 0, 0),
(1065, 'jana', 'Tesco', 'Jidlo ', 37, 1, '2016-03-30 20:06:47', 1, 1, 'karta', 0, 0),
(1066, 'jana', 'Jidelna', 'Kava', 29, 1, '2016-03-30 20:07:01', 1, 1, 'hotovost', 0, 0),
(1067, 'jana', 'Jidelna', 'Dobiti kreditu', 200, 1, '2016-03-30 20:07:16', 1, 1, 'hotovost', 0, 0),
(1068, 'jana', 'Albert', 'Jidlo', 15.7, 1, '2016-03-31 21:40:35', 1, 1, 'karta', 0, 0),
(1069, 'jana', 'Teta', 'Odlicovac, kondicioner', 227.7, 1, '2016-03-31 21:41:03', 1, 1, 'karta', 0, 0),
(1070, 'jana', 'Kava', 'Se spoluzaky', 50, 1, '2016-03-31 21:41:35', 1, 1, 'hotovost', 0, 0),
(1071, 'jana', 'Jidelna', 'Kava', 22, 1, '2016-04-04 21:09:27', 1, 1, 'hotovost', 0, 0),
(1072, 'jana', 'Albert', 'Jidlo ', 31.7, 1, '2016-04-04 21:10:53', 1, 1, 'karta', 0, 0),
(1073, 'jana', 'Jidelna', 'Kava', 29, 1, '2016-04-05 20:30:01', 1, 1, 'hotovost', 0, 0),
(1074, 'jana', 'Platba', 'Vraceni penez Mana', 792.1, 1, '2016-04-05 20:41:08', 1, 1, 'karta', 0, 0),
(1075, 'jana', 'Albert', 'Jidlo', 157.3, 1, '2016-04-10 19:59:21', 1, 1, 'karta', 0, 0),
(1076, 'jana', 'Vojta - vyrovnani', '', 578, 1, '2016-04-10 21:28:58', 1, 1, 'karta', 0, 0),
(1077, 'jana', 'Tesco', 'Jidlo', 23.03, 1, '2016-04-10 21:30:13', 1, 1, 'karta', 0, 0),
(1078, 'jana', 'Albert', 'Jidlo - slehacka - 1.4', 12.9, 1, '2016-04-10 21:31:12', 1, 1, 'karta', 0, 0),
(1079, 'jana', 'Jidelna', 'Dobiti kreditu - 1.4.', 400, 1, '2016-04-10 21:32:11', 1, 1, 'karta', 0, 0),
(1080, 'jana', 'Albert', 'Jidlo - 6.4', 119.6, 1, '2016-04-10 21:32:53', 1, 1, 'karta', 0, 0),
(1081, 'jana', 'Tesco', 'Jidlo - 4.4', 8.7, 1, '2016-04-10 21:33:39', 1, 1, 'karta', 0, 0),
(1082, 'jana', 'Jizdenka', 'Pro Manu ', 32, 1, '2016-04-10 21:34:47', 1, 1, 'karta', 0, 0),
(1083, 'jana', 'Jizdenka', 'dobiti Student Agency', 103, 1, '2016-04-10 21:35:35', 2, 1, 'karta', 0, 0),
(1084, 'jana', 'Rossmann', 'Rasenka - 6.4', 139, 1, '2016-04-10 21:36:52', 4, 1, 'karta', 0, 0),
(1085, 'jana', 'Jidelna', 'Kava - 11.4 + susenky', 42, 1, '2016-04-12 10:11:32', 1, 1, 'hotovost', 0, 0),
(1086, 'jana', 'Student Agency', 'Jizdenka Mamka', 100, 1, '2016-04-18 16:04:21', 2, 1, 'karta', 0, 0),
(1087, 'jana', 'Najem', '', 2947, 1, '2016-04-18 20:05:28', 5, 1, 'karta', 0, 0),
(1088, 'jana', 'Tesco', 'Jidlo', 74.55, 1, '2016-04-18 20:05:59', 1, 1, 'karta', 0, 0),
(1089, 'jana', 'Lidl', 'Jidlo', 174, 1, '2016-04-25 20:06:25', 1, 1, 'karta', 0, 0),
(1090, 'jana', 'Jidelna', 'Kava', 29, 1, '2016-04-26 21:44:45', 1, 1, 'hotovost', 0, 0),
(1091, 'jana', 'Jidelna', 'Dobiti kreditu', 500, 1, '2016-04-26 21:45:11', 1, 1, 'hotovost', 0, 0),
(1092, 'jana', 'Jizdenka', 'Student mamka', 90, 1, '2016-04-27 11:20:16', 2, 1, 'karta', 0, 0),
(1093, 'jana', 'Jidelna', 'jablko', 6, 1, '2016-04-27 11:20:28', 1, 1, 'hotovost', 0, 0),
(1094, 'jana', 'Tesco', 'Nakup - 2.5', 17, 1, '2016-05-03 18:21:03', 1, 1, 'karta', 0, 0),
(1095, 'jana', 'Albert', 'Jidlo', 138.3, 1, '2016-05-03 19:12:50', 1, 1, 'karta', 0, 0),
(1096, 'jana', 'Albert', 'Jidlo - 1.5', 277.8, 1, '2016-05-03 19:13:13', 1, 1, 'karta', 0, 0),
(1097, 'jana', 'Tesco', 'Jidlo - 28.4', 87.22, 1, '2016-05-04 16:31:08', 1, 1, 'karta', 0, 0),
(1098, 'jana', 'Billa', 'Jidlo - 21.4', 19.8, 1, '2016-05-04 16:32:15', 1, 1, 'karta', 0, 0),
(1099, 'jana', 'Tesco', 'Jidlo', 7.18, 1, '2016-05-04 16:36:27', 1, 1, 'karta', 0, 0),
(1100, 'jana', 'Albert', 'Jidlo', 65.4, 1, '2016-05-04 21:16:25', 1, 1, 'karta', 0, 0),
(1101, 'jana', 'Albert', 'Jidlo', 18.5, 1, '2016-05-05 19:15:29', 1, 1, 'karta', 0, 0),
(1102, 'jana', 'Levne Knihy', 'Memorix Histologie', 660, 1, '2016-05-05 19:16:13', 5, 1, 'hotovost', 0, 0),
(1103, 'jana', 'Albert', 'Jidlo', 121.6, 1, '2016-05-06 20:11:57', 1, 1, 'karta', 0, 0),
(1104, 'jana', 'Tesco', 'Jidlo + opalovaci krem + sampon', 408, 1, '2016-05-07 20:22:42', 1, 1, 'karta', 0, 0),
(1105, 'jana', 'Albert', 'Jidlo', 200.4, 1, '2016-05-08 12:43:25', 1, 1, 'karta', 0, 0),
(1106, 'jana', 'Tesco', 'Polomacene za ucebnici', 9, 1, '2016-05-10 22:37:21', 1, 1, 'hotovost', 0, 0),
(1107, 'jana', 'Albert', 'Jidlo', 147.4, 1, '2016-05-10 22:37:37', 1, 1, 'karta', 0, 0),
(1108, 'jana', 'Billa', 'Zmrzliny', 18.9, 1, '2016-05-10 22:37:52', 1, 1, 'karta', 0, 0),
(1109, 'jana', 'Najem', 'Najem Plskova', 2500, 1, '2016-05-11 07:19:46', 5, 1, 'karta', 0, 0),
(1110, 'jana', 'Albert', 'Jidlo 11.5', 28.8, 1, '2016-05-12 19:24:44', 1, 1, 'karta', 0, 0),
(1111, 'jana', 'Albert', 'Jidlo', 101.4, 1, '2016-05-12 19:25:14', 1, 1, 'karta', 0, 0),
(1112, 'jana', 'Tesco', 'Jidlo', 10.9, 1, '2016-05-12 19:26:24', 1, 1, 'karta', 0, 0),
(1113, 'jana', 'Jidelna', 'Kava', 30, 1, '2016-05-18 21:42:25', 1, 1, 'hotovost', 0, 0),
(1114, 'jana', 'Tesco', 'Jidlo', 35.5, 1, '2016-05-18 21:43:58', 1, 1, 'karta', 0, 0),
(1115, 'jana', 'Jidelna', 'Kava', 29, 1, '2016-05-19 19:05:15', 1, 1, 'hotovost', 0, 0),
(1116, 'jana', 'Jidelna', 'Polevka + Jidlo', 66, 1, '2016-05-19 19:06:40', 1, 1, 'hotovost', 0, 0),
(1117, 'jana', 'Tesco', 'Jidlo + boty', 264.8, 1, '2016-05-19 19:09:03', 1, 1, 'karta', 0, 0),
(1118, 'jana', 'Albert + Tesco', 'Jidlo (16. + 17.5.)', 109.63, 1, '2016-05-19 19:10:45', 1, 1, 'karta', 0, 0),
(1119, 'jana', 'Acter', 'Kurz prvni pomoci', 2000, 1, '2016-05-19 19:11:16', 5, 1, 'karta', 0, 0),
(1120, 'jana', 'Jidelna', 'Jidlo', 57, 1, '2016-06-08 18:50:49', 1, 1, 'hotovost', 0, 0),
(1121, 'jana', 'Jidelna', 'Kava', 29, 1, '2016-06-08 18:50:57', 1, 1, 'karta', 0, 0),
(1122, 'jana', 'Vojta - vyrovnani', 'Duben', 412.95, 1, '2016-06-08 18:51:16', 1, 1, 'karta', 0, 0),
(1123, 'jana', 'Jizdenka', 'Praha - Olomouc', 144, 1, '2016-06-09 21:19:16', 2, 1, 'karta', 0, 0),
(1124, 'jana', 'Jizdenka', 'NA 4 jizdy', 46, 1, '2016-07-07 21:29:20', 2, 1, 'karta', 0, 0),
(1125, 'jana', 'Jizdenka', 'Olomouc - Zlin : ', 35, 1, '2016-07-07 21:37:59', 1, 1, 'karta', 0, 0),
(1126, 'jana', 'Jidlo', 'Billa', 179.34, 1, '2016-07-07 21:40:12', 1, 1, 'karta', 0, 0),
(1127, 'jana', 'Jidlo', 'Albert - 6.6.2016', 61.98, 1, '2016-07-07 21:40:44', 1, 1, 'karta', 0, 0),
(1128, 'jana', 'Jidlo', 'Albert - 4.6.2016', 117.8, 1, '2016-07-07 21:41:10', 1, 1, 'karta', 0, 0),
(1129, 'jana', 'Jizdenka', 'Brno - Zlin (22.4)', 90, 1, '2016-07-07 21:42:54', 4, 1, 'karta', 0, 0),
(1130, 'jana', 'Jidlo', 'Albert - 2. - 6.6 (vse dohromady)', 343.8, 1, '2016-07-07 21:46:17', 1, 1, 'karta', 0, 0),
(1131, 'jana', 'Jidelna', 'dobiti - 13.6', 200, 1, '2016-07-07 21:46:46', 1, 1, 'hotovost', 0, 0),
(1132, 'jana', 'Tesco', 'Jidlo', 408, 1, '2016-07-07 21:47:06', 1, 1, 'karta', 0, 0),
(1133, 'jana', 'Jidlo', 'Albert', 200.4, 1, '2016-07-07 21:47:28', 1, 1, 'karta', 0, 0),
(1134, 'jana', 'Jidlo', 'Albet + Billa', 166.2, 1, '2016-07-07 21:48:15', 1, 1, 'karta', 0, 0),
(1135, 'jana', 'Najem', '', 2500, 1, '2016-07-07 21:48:56', 5, 1, 'karta', 0, 0),
(1136, 'jana', 'Jidlo', 'Albert (11.5)', 28.8, 1, '2016-07-07 21:49:27', 1, 1, 'karta', 0, 0),
(1137, 'jana', 'Jidlo', 'Tesco + Albert (12.6.)', 111.9, 1, '2016-07-07 21:50:43', 1, 1, 'karta', 0, 0),
(1138, 'jana', 'Jidlo', 'Tesco (16.5)', 10.53, 1, '2016-07-07 21:51:46', 1, 1, 'karta', 0, 0),
(1139, 'jana', 'Jidlo', 'Albert (17.6)', 99.1, 1, '2016-07-07 21:52:16', 1, 1, 'karta', 0, 0),
(1140, 'jana', 'Jidlo', 'Tesco (18.5.)', 35.5, 1, '2016-07-07 21:53:02', 1, 1, 'karta', 0, 0),
(1141, 'jana', 'Jidlo', 'Tesco (19.5)', 264.8, 1, '2016-07-07 21:54:22', 1, 1, 'karta', 0, 0),
(1142, 'jana', 'Jizdenka', 'Praha - Zlin', 183, 1, '2016-07-07 21:54:56', 2, 1, 'karta', 0, 0),
(1143, 'jana', 'Jizdenka', 'Zlin - Praha', 352, 1, '2016-07-07 21:55:50', 1, 1, 'karta', 0, 0),
(1144, 'jana', 'Jidlo', 'Albert (22.5)', 51.8, 1, '2016-07-07 21:56:34', 1, 1, 'karta', 0, 0),
(1145, 'jana', 'Jidlo', 'Tabor - cola', 33, 1, '2016-07-18 14:44:51', 1, 1, 'hotovost', 0, 0),
(1146, 'jana', 'Jidlo', 'Pecivo Majak', 59, 1, '2016-07-18 14:45:33', 1, 1, 'hotovost', 0, 0),
(1147, 'jana', 'Jizdenka', 'Jizdenka 20 min', 12, 1, '2016-07-21 20:16:16', 2, 1, 'hotovost', 0, 0),
(1148, 'jana', 'Lekarna', 'Ibalgin ', 69, 1, '2016-07-21 20:16:49', 4, 1, 'karta', 0, 0),
(1149, 'jana', 'Rossmann', 'Rasenka', 139, 1, '2016-07-21 20:17:29', 3, 1, 'karta', 0, 0),
(1150, 'jana', 'Zdrava vyziva', 'Kapky na zub', 80, 1, '2016-07-21 20:18:18', 4, 1, 'hotovost', 0, 0),
(1151, 'jana', 'Billa', 'Jidlo', 79.5, 1, '2016-08-28 08:31:00', 1, 1, 'karta', 0, 0),
(1152, 'jana', 'Gyros', '', 59, 1, '2016-08-28 08:32:00', 1, 1, 'hotovost', 0, 0),
(1153, 'jana', 'CCC', 'Boty + protiskluzove', 798, 1, '2016-08-30 20:45:00', 5, 1, 'karta', 0, 0),
(1154, 'jana', 'Jizdenka', '2x46 jizdy (jednu na vraceni)', 93, 1, '2016-08-30 20:47:00', 2, 1, 'karta', 0, 0),
(1155, 'jana', 'Jidlo', 'Majak obchod', 32, 1, '2016-09-01 16:46:00', 1, 1, 'hotovost', 0, 0),
(1156, 'jana', 'Jizdenka', 'Zlin - Vizovice', 23, 1, '2016-09-05 15:28:00', 2, 1, 'hotovost', 0, 0),
(1157, 'jana', 'Jizdenka', 'Vizovice - Ublo', 13, 1, '2016-09-05 15:29:00', 2, 1, 'karta', 0, 0),
(1158, 'jana', 'Jizdenka', 'Horni Lidec - Valasske klobouky', 20, 1, '2016-09-06 15:29:00', 2, 1, 'hotovost', 0, 0),
(1159, 'jana', 'Jizdenka', 'Brumov - Bylnice - Slavicin', 23, 1, '2016-09-06 15:30:00', 2, 1, 'hotovost', 0, 0),
(1160, 'jana', 'Jizdenka', 'Luhacovice - Majak', 36, 1, '2016-09-07 15:30:00', 2, 1, 'hotovost', 0, 0),
(1161, 'jana', 'Jidlo', 'Pizza + polevka Lidecko', 115, 1, '2016-09-05 15:31:00', 1, 1, 'hotovost', 0, 0),
(1162, 'jana', 'Jidlo', 'Polevka Horni lidec', 21, 1, '2016-09-06 15:32:00', 1, 1, 'karta', 0, 0),
(1163, 'jana', 'Jidlo', 'Slavicin nakup', 16, 1, '2016-09-06 15:32:00', 1, 1, 'karta', 0, 0),
(1164, 'jana', 'Jidlo', 'Pekarna Luhacovice', 12, 1, '2016-09-07 15:32:00', 1, 1, 'hotovost', 0, 0),
(1165, 'jana', 'Vyber', 'vyber', 2000, 1, '2016-09-07 15:33:00', 5, 1, 'karta', 1, 0),
(1166, 'jana', 'Lidl', 'Jidlo', 170.4, 1, '2016-09-30 18:43:48', 1, 1, 'karta', 0, 0),
(1167, 'jana', 'Lidl', 'Jidlo', 79.1, 1, '2016-09-30 11:56:22', 1, 1, 'karta', 0, 0),
(1168, 'jana', 'Billa', 'Jidlo', 56.9, 1, '2016-09-29 20:55:55', 1, 1, 'karta', 0, 0),
(1169, 'jana', 'Lekarna', 'Paralen', 39, 1, '2016-09-29 20:56:16', 4, 1, 'karta', 0, 0),
(1170, 'jana', 'Lidl', 'Jidlo', 185.4, 1, '2016-09-29 20:56:56', 1, 1, 'karta', 0, 0),
(1171, 'jana', 'Jizdenka', '2x20 minut', 24, 1, '2016-09-29 20:57:41', 1, 1, 'hotovost', 0, 0),
(1172, 'jana', 'Vyber', 'vyber', 2000, 1, '2016-09-07 21:00:08', 5, 1, 'karta', 1, 0),
(1173, 'jana', 'Albert', 'Jidlo', 66.7, 1, '2016-09-08 21:00:40', 1, 1, 'karta', 0, 0),
(1174, 'jana', 'Lidl', 'Jidlo', 36.9, 1, '2016-09-08 21:01:14', 1, 1, 'karta', 0, 0),
(1175, 'jana', 'Kaufland', 'Jidlo', 234, 1, '2016-09-12 21:01:44', 1, 1, 'karta', 0, 0),
(1176, 'jana', 'Orsay', 'Rukavice', 29, 1, '2016-09-15 21:02:09', 1, 1, 'karta', 0, 0),
(1177, 'jana', 'Tesco', 'Jidlo', 91.39, 1, '2016-09-15 21:02:41', 1, 1, 'karta', 0, 0),
(1178, 'jana', 'Albert', 'Jidlo', 25.8, 1, '2016-09-18 21:05:25', 1, 1, 'karta', 0, 0),
(1179, 'jana', 'Gyros ', 'Jidlo hranolky', 75, 1, '2016-09-19 21:06:00', 1, 1, 'hotovost', 0, 0),
(1180, 'jana', 'Jizdenka', '3 mesicni MHD', 720, 1, '2016-09-18 21:06:30', 2, 1, 'karta', 0, 0),
(1181, 'jana', 'CD', 'Studensky prukaz', 50, 1, '2016-09-19 21:07:53', 2, 1, 'karta', 0, 0),
(1182, 'jana', 'CD', 'Studensky prukaz', 2, 1, '2016-09-19 21:08:15', 2, 1, 'hotovost', 0, 0),
(1183, 'jana', 'CD', 'Studensky prukaz + inkarta vyrizeni', 252, 1, '2016-09-18 21:09:32', 2, 1, 'karta', 0, 0),
(1184, 'jana', 'Madal bal', 'Vojta darek', 153, 1, '2016-09-22 21:10:13', 1, 1, 'karta', 0, 0),
(1185, 'jana', 'Jizdenka', 'Ceske Budejovice - 2x20 minut', 26, 1, '2016-09-23 21:11:16', 2, 1, 'karta', 0, 0),
(1186, 'jana', 'Albert', 'Jidlo', 47.1, 1, '2016-09-24 21:12:02', 1, 1, 'karta', 0, 0),
(1187, 'jana', 'Lidl', 'nakup na akci se spoluzaky - vratili svuj podil v hotovosti', 942.45, 1, '2016-09-24 21:12:37', 1, 1, 'karta', 0, 0),
(1188, 'jana', 'Billa', 'Jidlo', 15.6, 1, '2016-09-27 21:13:36', 1, 1, 'karta', 0, 0),
(1189, 'jana', 'Majak', 'Jidlo', 31, 1, '2016-08-16 14:47:10', 1, 1, 'hotovost', 0, 0),
(1190, 'jana', 'Lidl', 'Jidlo + halenka (179 pak vraceno v hotovosti)', 394.4, 1, '2016-08-11 15:35:54', 1, 1, 'karta', 0, 0),
(1191, 'jana', 'Majak', 'Jidlo', 9, 1, '2016-08-23 09:50:55', 1, 1, 'hotovost', 0, 0),
(1192, 'jana', 'Lidl', 'Jidlo', 65.3, 1, '2016-07-29 15:46:36', 1, 1, 'karta', 0, 0),
(1193, 'jana', 'Majak', 'Jidlo', 28, 1, '2016-08-28 10:02:42', 1, 1, 'hotovost', 0, 0),
(1194, 'jana', 'Tesco', 'Jidlo', 10, 1, '2016-09-20 10:03:28', 1, 1, 'hotovost', 0, 0),
(1195, 'jana', 'Blablacar', 'Jizda z CB ', 230, 1, '2016-09-26 10:03:57', 1, 1, 'hotovost', 0, 0),
(1196, 'jana', 'Dluh Vojta', 'Proplaceni jizdneho', 110, 1, '2016-09-28 10:04:29', 2, 1, 'hotovost', 0, 0),
(1197, 'jana', 'Jizdenka', 'Listek 20 minut', 12, 1, '2016-09-26 10:05:01', 2, 1, 'hotovost', 0, 0),
(1198, 'jana', 'Jizdenka', '4x20 minut', 46, 1, '2016-09-27 10:05:31', 1, 1, 'hotovost', 0, 0),
(1199, 'jana', 'Zavesy', '', 786, 1, '2016-09-27 10:06:09', 5, 1, 'hotovost', 0, 0),
(1200, 'jana', 'Kava s babickou', 'Po vybrani zavesu', 110, 1, '2016-09-27 10:06:38', 5, 1, 'hotovost', 0, 0),
(1201, 'jana', 'Nite', '', 32, 1, '2016-09-27 10:07:03', 5, 1, 'hotovost', 0, 0),
(1202, 'jana', 'Snidane s Vojtou', 'Pred zubarem', 60, 1, '2016-09-29 10:07:32', 1, 1, 'hotovost', 0, 0),
(1203, 'jana', 'Lidl', 'Jidlo', 173.91, 1, '2016-10-02 20:50:40', 1, 1, 'karta', 0, 0),
(1204, 'jana', 'Lidl', 'Jidlo', 87.8, 1, '2016-10-02 20:51:02', 1, 1, 'karta', 0, 0),
(1205, 'jana', 'Albert', 'Jidlo', 111.7, 1, '2016-10-03 08:40:02', 1, 1, 'karta', 0, 0),
(1206, 'jana', 'Albert', 'Jidlo', 78.7, 1, '2016-10-03 08:40:33', 1, 1, 'karta', 0, 0),
(1207, 'jana', 'Jidelna', 'Kava', 29, 1, '2016-10-05 08:41:10', 1, 1, 'hotovost', 0, 0),
(1208, 'jana', 'Jidelna', 'Kava', 29, 1, '2016-10-03 08:41:40', 1, 1, 'hotovost', 0, 0),
(1209, 'jana', 'Jidelna', 'Kava', 29, 1, '2016-10-06 08:42:12', 1, 1, 'hotovost', 0, 0),
(1210, 'jana', 'Lidl', 'Jidlo', 142.5, 1, '2016-10-06 08:42:26', 1, 1, 'karta', 0, 0),
(1211, 'jana', 'Jidelna', 'Dobiti', 200, 1, '2016-10-06 08:42:50', 1, 1, 'hotovost', 0, 0),
(1212, 'jana', 'Lidl', 'Jidlo', 68.6, 1, '2016-10-10 08:43:10', 1, 1, 'karta', 0, 0),
(1213, 'jana', 'Jidelna', 'Obed', 51, 1, '2016-10-10 08:43:42', 1, 1, 'hotovost', 0, 0),
(1214, 'jana', 'Lidl', 'Jidlo', 93.6, 1, '2016-10-09 08:44:00', 1, 1, 'karta', 0, 0),
(1215, 'jana', 'Lidl', 'Jidlo', 32.89, 1, '2016-10-04 08:44:25', 1, 1, 'karta', 0, 0),
(1216, 'jana', 'Student Agency', 'Jizdenka', 180, 1, '2016-10-03 08:45:39', 2, 1, 'karta', 0, 0),
(1217, 'jana', 'Student Agency', 'Jizdenka', 13, 1, '2016-10-04 08:46:04', 2, 1, 'karta', 0, 0),
(1218, 'jana', 'Student Agency', 'Jizdenka', 190, 1, '2016-10-08 08:46:35', 2, 1, 'karta', 0, 0),
(1219, 'jana', 'Jidelna', 'Dobiti kreditu', 300, 1, '2016-11-09 19:02:48', 1, 1, 'hotovost', 0, 0),
(1220, 'jana', 'Kavarna', 'Kava', 50, 1, '2016-10-11 19:04:32', 1, 1, 'hotovost', 0, 0),
(1221, 'jana', 'Jidelna', 'Kava', 29, 1, '2016-10-12 19:04:59', 1, 1, 'hotovost', 0, 0),
(1222, 'jana', 'Jidelna', 'Kava', 29, 1, '2016-10-13 19:05:18', 1, 1, 'hotovost', 0, 0),
(1223, 'jana', 'Jidelna', 'Obed', 51, 1, '2016-10-13 19:05:38', 1, 1, 'hotovost', 0, 0),
(1224, 'jana', 'Jidelna', 'Jidlo', 51, 1, '2016-10-17 19:05:55', 1, 1, 'hotovost', 0, 0),
(1225, 'jana', 'Jidelna', 'Kava', 29, 1, '2016-10-17 19:06:12', 1, 1, 'hotovost', 0, 0),
(1226, 'jana', 'Kavarna', 'Kava', 55, 1, '0000-00-00 00:00:00', 1, 1, 'hotovost', 0, 0),
(1227, 'jana', 'Jidelna', 'Dobiti ', 500, 1, '2016-10-24 19:06:54', 1, 1, 'hotovost', 0, 0),
(1228, 'jana', 'Cukrarna po svatbe', '', 63, 1, '2016-10-15 19:07:29', 1, 1, 'hotovost', 0, 0),
(1229, 'jana', 'Tesco', 'Jidlo + veci na byt', 425.2, 1, '2016-10-03 19:09:38', 1, 1, 'karta', 0, 0),
(1230, 'jana', 'Lidl', 'Jidlo', 153.3, 1, '2016-10-11 19:14:43', 1, 1, 'karta', 0, 0),
(1231, 'jana', 'Lidl', 'Jidlo', 103.93, 1, '2016-10-07 19:15:26', 1, 1, 'karta', 0, 0),
(1232, 'jana', 'Albert', 'Jidlo', 31.3, 1, '2016-10-12 19:16:15', 1, 1, 'karta', 0, 0),
(1233, 'jana', 'Lidl', 'Jidlo', 59.9, 1, '2016-10-12 19:16:41', 1, 1, 'karta', 0, 0),
(1234, 'jana', 'Lidl', 'Jidlo', 44.6, 1, '2016-10-13 19:17:11', 1, 1, 'karta', 0, 0),
(1235, 'jana', 'Lidl', 'Jidlo', 34.9, 1, '2016-10-14 19:17:50', 1, 1, 'karta', 0, 0),
(1236, 'jana', 'Jizdenka', 'Praha - Zlin ', 176, 1, '2016-11-12 19:19:17', 2, 1, 'karta', 0, 0),
(1237, 'jana', 'Lidl', 'Jidlo', 92.7, 1, '2016-10-17 19:19:25', 1, 1, 'karta', 0, 0),
(1238, 'jana', 'Lidl', 'Jidlo ', 124.6, 1, '2016-10-18 19:20:00', 1, 1, 'karta', 0, 0),
(1239, 'jana', 'Lidl', 'Jidlo', 72.4, 1, '2016-10-20 19:20:30', 1, 1, 'karta', 0, 0),
(1240, 'jana', 'Lidl', 'Jidlo + vesak', 374.4, 1, '2016-10-21 19:21:19', 1, 1, 'karta', 0, 0),
(1241, 'jana', 'Lidl', 'Jidlo', 125.49, 1, '2016-10-23 19:21:59', 1, 1, 'karta', 0, 0),
(1242, 'jana', 'Lidl', 'Jidlo', 65.5, 1, '2016-10-24 19:22:41', 1, 1, 'karta', 0, 0),
(1243, 'jana', 'Lidl', 'Jidlo', 133.4, 1, '2016-10-26 19:23:05', 1, 1, 'karta', 0, 0),
(1244, 'jana', 'Lidl', 'Jidlo', 227.9, 1, '2016-10-27 19:23:31', 1, 1, 'karta', 0, 0),
(1245, 'jana', 'Mcdonald', 'Obed + kava', 84, 1, '2016-10-27 19:24:04', 1, 1, 'karta', 0, 0),
(1246, 'jana', 'Jizdenka', 'Zlin - Praha', 176, 1, '2016-10-29 19:24:43', 2, 1, 'karta', 0, 0),
(1247, 'jana', 'Pekarna Olomouc', 'Kava + jidlo', 39, 1, '2016-10-30 19:27:22', 1, 1, 'karta', 0, 0),
(1248, 'jana', 'Lidl', 'Jidlo', 181, 1, '2016-10-30 19:27:49', 1, 1, 'karta', 0, 0),
(1249, 'jana', 'COPY GENERAL', 'Svazani ', 102, 1, '2016-10-31 19:28:16', 5, 1, 'karta', 0, 0),
(1250, 'jana', 'Lekarna', 'Prvni davka na predpis', 342.32, 1, '2016-11-02 19:29:39', 4, 1, 'karta', 0, 0),
(1251, 'jana', 'Lidl', 'Jidlo', 41.7, 1, '2016-11-02 19:30:26', 1, 1, 'karta', 0, 0),
(1252, 'jana', 'Lidl', 'Jidlo', 80.3, 1, '2016-11-03 19:31:00', 1, 1, 'karta', 0, 0),
(1253, 'jana', 'Lekarna', 'Dalsi leky', 86, 1, '2016-11-03 19:31:25', 4, 1, 'karta', 0, 0),
(1254, 'jana', 'Lidl', 'Jidlo', 73.5, 1, '2016-11-04 19:35:28', 1, 1, 'karta', 0, 0),
(1255, 'jana', 'Lidl', 'Jidlo', 120.8, 1, '2016-11-07 19:35:49', 1, 1, 'karta', 0, 0),
(1256, 'jana', 'Lidl', 'Jidlo', 67.89, 1, '2016-11-07 19:36:19', 1, 1, 'karta', 0, 0),
(1257, 'jana', 'Lekarna', 'A dalsi leky', 238.64, 1, '2016-11-04 19:37:08', 4, 1, 'karta', 0, 0),
(1258, 'jana', 'Lidl', 'Jidlo', 26.84, 1, '2016-11-08 19:38:52', 1, 1, 'karta', 0, 0),
(1259, 'jana', 'Lidl', 'Jidlo', 191.9, 1, '2016-11-10 19:39:29', 1, 1, 'karta', 0, 0),
(1260, 'jana', 'Lekarna', 'Vitaminy', 139, 1, '2016-11-10 19:39:52', 1, 1, 'karta', 0, 0),
(1261, 'jana', 'Billa', 'Jidlo', 227.12, 1, '2016-11-11 19:40:17', 1, 1, 'karta', 0, 0),
(1262, 'jana', 'Alza', 'Tiskarna', 1478, 1, '2016-11-12 19:40:31', 1, 1, 'karta', 0, 0);
INSERT INTO `utrata_items` (`ID`, `UserID`, `nazev`, `popis`, `cena`, `kurz`, `datum`, `pozn`, `platnost`, `typ`, `vyber`, `odepsat`) VALUES
(1263, 'jana', 'Lidl', 'Jidlo', 166.18, 1, '2016-11-12 19:41:03', 1, 1, 'karta', 0, 0),
(1264, 'jana', 'Albert', 'Papiry a skrabka', 142.7, 1, '2016-11-13 19:00:36', 5, 1, 'karta', 0, 0),
(1265, 'jana', 'dm', 'Odlicovac', 149, 1, '2016-11-13 19:01:09', 3, 1, 'karta', 0, 0),
(1266, 'jana', 'Lidl', 'Jidlo', 49.68, 1, '2016-11-14 15:51:37', 1, 1, 'karta', 0, 0),
(1267, 'jana', 'Vojta za telefon', 'vyber', 3000, 1, '2016-11-14 21:06:46', 5, 1, 'karta', 1, 0),
(1268, 'jana', 'Lidl', 'Jídlo ', 41.7, 1, '2016-11-15 21:58:19', 1, 1, 'karta', 0, 0),
(1269, 'jana', 'Vojta ', 'iPhone ', 3000, 1, '2016-11-14 15:48:13', 5, 1, 'hotovost', 0, 0),
(1270, 'jana', 'Jídelna ', 'Oběd dobití ', 100, 1, '2016-11-21 17:34:41', 1, 1, 'hotovost', 0, 0),
(1271, 'jana', 'Lidl ', 'Jídlo ', 10, 1, '2016-11-21 17:34:59', 1, 1, 'hotovost', 0, 0),
(1272, 'jana', 'Jídlo ', 'Káva ', 29, 1, '2016-11-21 17:35:19', 1, 1, 'hotovost', 0, 0),
(1273, 'jana', 'Lidl ', 'Jidlo', 72, 1, '2016-11-22 20:13:49', 1, 1, 'hotovost', 0, 0),
(1274, 'jana', 'Jídelna ', 'Dobití oběd ', 50, 1, '2016-11-22 20:14:34', 1, 1, 'hotovost', 0, 0),
(1275, 'jana', 'Jídelna ', 'Jablko', 7, 1, '2016-11-22 20:14:58', 1, 1, 'hotovost', 0, 0),
(1276, 'jana', 'Kuskus', 'Kuskus', 30, 1, '2016-12-01 10:03:41', 1, 1, 'hotovost', 0, 0),
(1279, 'broskev', 'Nákup', 'Nákup v lídlu', 140, 1, '2016-11-21 21:23:23', 1, 0, 'karta', 0, 0),
(1281, 'vojta', 'lidl', 'oběd', 65.4, 1, '2017-09-04 16:42:00', 1, 1, 'karta', 0, 0),
(1282, 'vojta', 'hodinky', 'Casio', 829, 1, '2017-09-05 18:45:00', 5, 1, 'karta', 0, 0),
(1283, 'vojta', 'pláštěnka', '', 839, 1, '2017-09-05 18:58:00', 5, 1, 'karta', 0, 0),
(1284, 'vojta', 'Gyros', '', 75, 1, '2017-09-06 18:32:00', 1, 1, 'hotovost', 0, 0),
(1285, 'vojta', 'lidl', '', 97.4, 1, '2017-09-07 15:42:00', 1, 1, 'karta', 0, 0),
(1286, 'vojta', 'rohlíky Billa', '', 6, 1, '2017-09-08 11:44:00', 1, 1, 'hotovost', 0, 0),
(1287, 'vojta', 'Vinea na Portáši', '', 35, 1, '2017-09-09 14:36:00', 1, 1, 'hotovost', 0, 0),
(1288, 'vojta', 'zmrzlina', 'u Pavlíků', 35, 1, '2017-09-09 17:36:00', 1, 1, 'hotovost', 0, 0),
(1289, 'vojta', 'poděbradka', 'v Nivnici', 10, 1, '2017-09-13 13:15:00', 1, 1, 'hotovost', 0, 0),
(1290, 'vojta', 'gyros', 'večeře', 50, 1, '2017-09-13 22:10:00', 1, 1, 'hotovost', 0, 0),
(1291, 'vojta', 'zmrzlina', 'v UH', 25, 1, '2017-09-13 13:14:00', 1, 1, 'hotovost', 0, 0),
(1292, 'vojta', 'za cestování', 'nemám vlastní 3 Kč :D', 3, 1, '2017-09-13 22:47:00', 5, 1, 'hotovost', 0, 1),
(1293, 'vojta', 'Tesco', 'večeře', 115.4, 1, '2017-09-13 20:54:00', 1, 1, 'karta', 0, 0),
(1294, 'vojta', 'nudle', 'oběd', 30, 1, '2017-09-14 11:15:00', 1, 1, 'hotovost', 0, 0),
(1295, 'vojta', 'kaufland', 'deodorant', 83.8, 1, '2017-09-14 11:10:00', 5, 1, 'karta', 0, 0),
(1296, 'vojta', 'Kaufland', 'Večeře', 113.6, 1, '2017-09-17 19:55:00', 1, 1, 'karta', 0, 0),
(1297, 'vojta', 'Gyros', 'Oběd', 75, 1, '2017-09-18 12:56:00', 1, 1, 'hotovost', 0, 0),
(1299, 'vojta', 'sandále', '', 1259, 1, '2017-09-20 12:15:00', 5, 1, 'karta', 0, 0),
(1300, 'vojta', 'lidl', 'oběd', 59.5, 1, '2017-09-20 12:56:00', 1, 1, 'karta', 0, 0),
(1301, 'vojta', 'u McDonaldu', '', 901, 1, '2017-09-20 12:10:00', 5, 1, 'karta', 1, 0),
(1302, 'vojta', 'gyros', 'svačina', 65, 1, '2017-09-20 13:03:00', 1, 1, 'hotovost', 0, 0),
(1303, 'vojta', 'oběd', '', 27, 1, '2017-09-21 11:16:00', 1, 1, 'hotovost', 0, 0),
(1304, 'vojta', 'lidl', '', 46.2, 1, '2017-09-21 16:17:00', 1, 1, 'karta', 0, 0),
(1305, 'vojta', 'lidl', 'jídlo na cestu', 95.7, 1, '2017-09-22 15:20:00', 1, 1, 'karta', 0, 0),
(1306, 'vojta', 'lidl', 'nákup pro domácnost', 115.8, 1, '2017-09-23 12:10:00', 1, 1, 'karta', 0, 0),
(1307, 'vojta', 'olomouc', '', 512, 1, '2017-09-23 23:08:00', 5, 1, 'karta', 1, 0),
(1308, 'vojta', 'jednota', 'občerstvení v Pozděchově', 32, 1, '2017-09-25 14:08:00', 1, 1, 'hotovost', 0, 0),
(1309, 'vojta', 'lidl', '', 27.8, 1, '2017-09-25 19:19:00', 1, 1, 'karta', 0, 0),
(1310, 'vojta', 'kebab', 'olomouc', 70, 1, '2017-09-23 23:30:00', 1, 1, 'hotovost', 0, 0),
(1311, 'vojta', 'pojištění', 'na Ukrajinu', 123, 1, '2017-09-26 00:13:00', 5, 1, 'karta', 0, 0),
(1312, 'vojta', 'Prodloužení inKarty', '', 390, 1, '2017-09-27 07:03:00', 5, 1, 'karta', 0, 0),
(1313, 'vojta', 'Žákovský průkaz', '', 2, 1, '2017-09-27 07:04:00', 5, 1, 'hotovost', 0, 0),
(1314, 'vojta', 'čaj', 've Studénce', 12, 1, '2017-10-01 04:58:00', 1, 1, 'hotovost', 0, 0),
(1315, 'vojta', 'lístek', 'MHD ČSAD', 12, 1, '2017-10-01 07:00:00', 5, 1, 'hotovost', 0, 0),
(1318, 'vojta', 'vyřízení žákovského průkazu', '', 50, 1, '2017-10-02 19:51:00', 5, 1, 'hotovost', 0, 0),
(1319, 'vojta', 'albert', '', 63.4, 1, '2017-10-02 20:25:00', 1, 1, 'karta', 0, 0),
(1320, 'vojta', 'MHD kartička', '', 720, 1, '2017-10-02 14:52:00', 5, 1, 'karta', 0, 0),
(1321, 'vojta', 'albert', '', 65.7, 1, '2017-10-02 15:10:00', 1, 1, 'karta', 0, 0),
(1323, 'vojta', 'albert', 'Olomouc', 48.8, 1, '2017-10-01 19:41:00', 1, 1, 'karta', 0, 0),
(1324, 'vojta', 'oběd', 'McDonald', 70, 1, '2017-10-03 15:01:00', 1, 1, 'hotovost', 0, 0),
(1325, 'vojta', 'vklad na RJ kartu', '', 1077, 1, '2017-10-03 16:37:00', 5, 1, 'karta', 0, 0),
(1326, 'vojta', 'vlak', 'Zlín -> Olomouc', 81, 1, '2017-10-03 16:45:00', 5, 1, 'karta', 0, 0),
(1327, 'vojta', 'albert', 'zásoby', 316.9, 1, '2017-10-03 20:42:00', 1, 1, 'karta', 0, 0),
(1328, 'vojta', 'albert', 'zásoby II', 91.4, 1, '2017-10-03 21:34:00', 1, 1, 'karta', 0, 0),
(1329, 'vojta', 'Billa', '', 107.94, 1, '2017-10-05 14:04:00', 1, 1, 'karta', 0, 0);

--
-- Vypisuji data pro tabulku `utrata_members`
--

INSERT INTO `utrata_members` (`name`, `login`, `passwd`, `sendMonthly`, `sendByOne`, `mother`, `me`, `LanguageCode`, `currencyID`, `admin`, `logged`, `HASH`, `access`) VALUES
('admin', 'admin', 'admin', 0, 0, '', '', 'CZK', 1, 1, 0, NULL, '2017-09-03 22:31:44'),
('broskev', 'vojta', 'vojta', 1, 0, 'vojta@jurak.cz', 'vojta@jurak.cz', 'CZK', 1, 0, 0, NULL, '2016-12-31 23:59:59'),
('english', 'english', 'eng', 0, 0, 'ss@ss.ss', 'ss@ss.ss', 'ENG', 3, 0, 1, '2ad67304473def57040e6aee305c358e', '2017-09-13 23:03:41'),
('jana', 'jana', 'utrata', 1, 0, 'ivana.harnikova@seznam.cz', 'harnikovaj@gmail.com', 'CZK', 1, 0, 0, NULL, '2017-09-03 22:30:17'),
('michal', 'michal', 'utrata', 1, 0, 'ivana.harnikova@seznam.cz', 'harnikm@gmail.com', 'CZK', 1, 0, 0, NULL, '2017-09-03 21:19:11'),
('petka', 'petka', 'utrata', 0, 1, 'stuchlikovaa@seznam.cz', 'stuchlikova.p@seznam.cz', 'CZK', 1, 0, 0, NULL, '2017-09-03 22:33:34'),
('vojta', 'rodic', 'rodic', 1, 0, 'stuchlikovaa@seznam.cz', 'krtek@zlin6.cz', 'CZK', 1, 0, 1, '3900215e17123a6a3ca0b279ef84a8b7', '2017-10-05 15:06:49');

--
-- Vypisuji data pro tabulku `utrata_Purposes`
--

INSERT INTO `utrata_Purposes` (`PurposeID`, `code`, `value`, `LanguageCode`, `base`) VALUES
(1, 'jidlo', 'Jídlo', 'CZK', 1),
(2, 'transport', 'Transport', 'CZK', 0),
(3, 'kosmetika', 'Kosmetika', 'CZK', 0),
(4, 'leky', 'Léky', 'CZK', 0),
(5, 'ostatni', 'Ostatní', 'CZK', 1),
(10, 'food', 'Food', 'ENG', 1),
(11, 'other', 'Other', 'ENG', 1);

--
-- Vypisuji data pro tabulku `utrata_UserPurposes`
--

INSERT INTO `utrata_UserPurposes` (`UserPurposeID`, `UserID`, `PurposeID`) VALUES
(1, 'broskev', 1),
(2, 'broskev', 2),
(3, 'broskev', 3),
(4, 'broskev', 4),
(5, 'broskev', 5),
(6, 'jana', 1),
(7, 'jana', 2),
(8, 'jana', 3),
(9, 'jana', 4),
(10, 'jana', 5),
(11, 'michal', 1),
(12, 'michal', 2),
(13, 'michal', 3),
(14, 'michal', 4),
(15, 'michal', 5),
(16, 'petka', 1),
(17, 'petka', 2),
(18, 'petka', 3),
(19, 'petka', 4),
(20, 'petka', 5),
(21, 'vojta', 1),
(25, 'vojta', 5),
(39, 'broskev', 1),
(40, 'jana', 1),
(41, 'michal', 1),
(42, 'petka', 1),
(43, 'vojta', 1),
(46, 'broskev', 5),
(47, 'jana', 5),
(48, 'michal', 5),
(49, 'petka', 5),
(50, 'vojta', 5),
(84, 'admin', 10),
(85, 'admin', 11),
(86, 'broskev', 10),
(87, 'broskev', 11),
(88, 'jana', 10),
(89, 'jana', 11),
(90, 'michal', 10),
(91, 'michal', 11),
(92, 'petka', 10),
(93, 'petka', 11),
(96, 'english', 10),
(97, 'english', 11);

--
-- Vypisuji data pro tabulku `utr_currencies`
--

INSERT INTO `utr_currencies` (`CurrencyID`, `code`, `value`, `name`) VALUES
(1, 'CZK', 'Kč', 'Česká koruna'),
(2, 'EUR', '€', 'Euro'),
(3, 'USD', '$', 'Dolar');

--
-- Vypisuji data pro tabulku `utr_languages`
--

INSERT INTO `utr_languages` (`LanguageCode`, `Name`) VALUES
('CZK', 'Česky'),
('ENG', 'English'),
('SVK', 'Slovensky');

--
-- Vypisuji data pro tabulku `utr_translations`
--

INSERT INTO `utr_translations` (`TranslateCode`, `LanguageCode`, `Value`) VALUES
('AddItem.Form.AnotherCurrency', 'CZK', 'Jiná měna'),
('AddItem.Form.AnotherCurrency', 'ENG', 'Other currency'),
('AddItem.Form.BadName', 'CZK', 'Vyplň název'),
('AddItem.Form.BadName', 'ENG', 'Fill name'),
('AddItem.Form.BadPrice', 'CZK', 'Vyplň cenu'),
('AddItem.Form.BadPrice', 'ENG', 'Fill price'),
('AddItem.Form.CurrencyCourse', 'CZK', 'kurz'),
('AddItem.Form.CurrencyCourse', 'ENG', 'course'),
('AddItem.Form.Date', 'CZK', 'Datum'),
('AddItem.Form.Date', 'ENG', 'Date'),
('AddItem.Form.Description', 'CZK', 'Popis'),
('AddItem.Form.Description', 'ENG', 'Description'),
('AddItem.Form.Duplicity', 'CZK', 'Záznam již existuje'),
('AddItem.Form.Duplicity', 'ENG', 'Item already exists'),
('AddItem.Form.Choose', 'CZK', 'VYBRAT'),
('AddItem.Form.Choose', 'ENG', 'VYBRAT'),
('AddItem.Form.MyExpense', 'CZK', 'ODEPSAT'),
('AddItem.Form.MyExpense', 'ENG', 'WRITE OFF'),
('AddItem.Form.NoPurpose', 'CZK', 'Nevybrána poznámka. Nějakou si vyberte v nastavení.'),
('AddItem.Form.NoPurpose', 'ENG', 'No note selected. Take some note in settings.'),
('AddItem.Form.Note', 'CZK', 'Poznámka'),
('AddItem.Form.Note', 'ENG', 'Note'),
('AddItem.Form.Price', 'CZK', 'Cena'),
('AddItem.Form.Price', 'ENG', 'Price'),
('AddItem.Form.RequiredField', 'CZK', 'Povinné pole'),
('AddItem.Form.RequiredField', 'ENG', 'Required field'),
('AddItem.Form.Send', 'CZK', 'Nahrát'),
('AddItem.Form.Send', 'ENG', 'Store'),
('AddItem.Form.Success', 'CZK', 'Položka byla nahrána do databáze'),
('AddItem.Form.Success', 'ENG', 'Item was stored into database'),
('AddItem.Form.SuccessButton', 'CZK', 'Přidat další položku'),
('AddItem.Form.SuccessButton', 'ENG', 'Add another item'),
('AddItem.Form.Type', 'CZK', 'Typ platby'),
('AddItem.Form.Type', 'ENG', 'Payment type'),
('AddItem.Form.Type.Card', 'CZK', 'Karta'),
('AddItem.Form.Type.Card', 'ENG', 'Card'),
('AddItem.Form.Type.Cash', 'CZK', 'Hotovost'),
('AddItem.Form.Type.Cash', 'ENG', 'Cash'),
('AddItem.Heading1', 'CZK', 'Přidat položku do databáze'),
('AddItem.Heading1', 'ENG', 'Add item into database'),
('AddItem.Name', 'CZK', 'Název'),
('AddItem.Name', 'ENG', 'Name'),
('AddTransaction.Form.AddAnotherItem', 'CZK', 'Přidal talší položku'),
('AddTransaction.Form.AddAnotherItem', 'ENG', 'Add another item'),
('AddTransaction.Form.AddedText', 'CZK', 'Transakce proběhla úspěně'),
('AddTransaction.Form.AddedText', 'ENG', 'Transaction completed'),
('AddTransaction.Form.BadPrice', 'CZK', 'Vyplň cenu'),
('AddTransaction.Form.BadPrice', 'ENG', 'Fill price'),
('AddTransaction.Form.BadReason', 'CZK', 'Vyplň důvod'),
('AddTransaction.Form.BadReason', 'ENG', 'Fill reason'),
('AddTransaction.Form.Price', 'CZK', 'Věnovat'),
('AddTransaction.Form.Price', 'ENG', 'Give'),
('AddTransaction.Form.PriceNaN', 'CZK', 'Cena není číslo'),
('AddTransaction.Form.PriceNaN', 'ENG', 'Price is not a number'),
('AddTransaction.Form.Reason', 'CZK', 'Důvod'),
('AddTransaction.Form.Reason', 'ENG', 'Reason'),
('AddTransaction.Form.Reason.Default', 'CZK', 'Max 60 zanků'),
('AddTransaction.Form.Reason.Default', 'ENG', 'Max 60 chars'),
('AddTransaction.Form.ReasonBadLength', 'CZK', 'Důvod může mít nejvýe {%d} znaků'),
('AddTransaction.Form.ReasonBadLength', 'ENG', 'Reason can have at least {%d} letters'),
('AddTransaction.Form.Send', 'CZK', 'Nahrát'),
('AddTransaction.Form.Send', 'ENG', 'Add'),
('AddTransaction.Form.Type', 'CZK', 'Na'),
('AddTransaction.Form.Type', 'ENG', 'On'),
('AddTransaction.Form.Type.Card', 'CZK', 'Kartu'),
('AddTransaction.Form.Type.Card', 'ENG', 'Card'),
('AddTransaction.Form.Type.Cash', 'CZK', 'V hotovosti'),
('AddTransaction.Form.Type.Cash', 'ENG', 'Cash'),
('AddTransaction.Form.UseDelimiter', 'CZK', 'Pro oddělení haléřů použij desetinnou tečku'),
('AddTransaction.Form.UseDelimiter', 'ENG', 'Use decimal point instead of comma'),
('AddTransaction.Heading1', 'CZK', 'Přidat částku'),
('AddTransaction.Heading1', 'ENG', 'Add amount'),
('AddTransaction.SuccessMail.Message1', 'CZK', 'Bylo připsáno'),
('AddTransaction.SuccessMail.Message1', 'ENG', 'Was credited'),
('AddTransaction.SuccessMail.Message2', 'CZK', 'Věc'),
('AddTransaction.SuccessMail.Message2', 'ENG', 'Purpose'),
('AddTransaction.SuccessMail.Subject', 'CZK', 'Transakce na'),
('AddTransaction.SuccessMail.Subject', 'ENG', 'Transaction on'),
('AddTransaction.Table.Date', 'CZK', 'Datum'),
('AddTransaction.Table.Date', 'ENG', 'Date'),
('AddTransaction.Table.Delete', 'CZK', 'Smazat'),
('AddTransaction.Table.Delete', 'ENG', 'Delete'),
('AddTransaction.Table.Delete.Title', 'CZK', 'Smazat'),
('AddTransaction.Table.Delete.Title', 'ENG', 'Delete'),
('AddTransaction.Table.ID', 'CZK', 'ID'),
('AddTransaction.Table.ID', 'ENG', 'ID'),
('AddTransaction.Table.Reason', 'CZK', 'Důvod'),
('AddTransaction.Table.Reason', 'ENG', 'Reason'),
('AddTransaction.Table.Type', 'CZK', 'Typ'),
('AddTransaction.Table.Type', 'ENG', 'Type'),
('AddTransaction.Table.Value', 'CZK', 'Hodnota'),
('AddTransaction.Table.Value', 'ENG', 'Amount'),
('Items.Loading.Alt', 'CZK', 'Načítání'),
('Items.Loading.Alt', 'ENG', 'Loading'),
('Login.Admin', 'CZK', 'administrátor'),
('Login.Admin', 'ENG', 'admin section'),
('Login.Forgotten.Mail.Message.Login', 'CZK', 'Login'),
('Login.Forgotten.Mail.Message.Login', 'ENG', 'Login'),
('Login.Forgotten.Mail.Message.Password', 'CZK', 'heslo'),
('Login.Forgotten.Mail.Message.Password', 'ENG', 'password'),
('Login.Forgotten.Mail.Subject.AppName', 'CZK', 'Útrata'),
('Login.Forgotten.Mail.Subject.AppName', 'ENG', 'Charge'),
('Login.Forgotten.Mail.Subject.Specification', 'CZK', 'zapomenuté údaje'),
('Login.Forgotten.Mail.Subject.Specification', 'ENG', 'forgotten login'),
('Login.Forgotten.Modal.Headding1', 'CZK', 'Zapomenuté údaje'),
('Login.Forgotten.Modal.Headding1', 'ENG', 'Forgotten login'),
('Login.Forgotten.Modal.Mail', 'CZK', 'Váš e-mail'),
('Login.Forgotten.Modal.Mail', 'ENG', 'Your e-mail'),
('Login.Forgotten.Modal.Send', 'CZK', 'Odeslat'),
('Login.Forgotten.Modal.Send', 'ENG', 'Send'),
('Login.Forgotten.Modal.Status.EmptyMail', 'CZK', 'Vyplň mail'),
('Login.Forgotten.Modal.Status.EmptyMail', 'ENG', 'Fill mail'),
('Login.Forgotten.Modal.Status.Error', 'CZK', 'Něco se pokazilo'),
('Login.Forgotten.Modal.Status.Error', 'ENG', 'Something gone wrong'),
('Login.Forgotten.Modal.Status.MailNotSent', 'CZK', 'Email se nepodařilo odeslat'),
('Login.Forgotten.Modal.Status.MailNotSent', 'ENG', 'Can''t send an e-mail'),
('Login.Forgotten.Modal.Status.MorePeopleWithSameMail', 'CZK', 'Více lidí má stejný mail. Kontaktujte správce webu'),
('Login.Forgotten.Modal.Status.MorePeopleWithSameMail', 'ENG', 'More people has the same e-mail address. Contact the web admin'),
('Login.Forgotten.Modal.Status.Nobody', 'CZK', 'Nikdo s takovým mailem není v databázi veden'),
('Login.Forgotten.Modal.Status.Nobody', 'ENG', 'Nobody with this e-mail address exists'),
('Login.Forgotten.Modal.Status.SQLStatementError', 'CZK', 'španý SQL příkaz'),
('Login.Forgotten.Modal.Status.SQLStatementError', 'ENG', 'bad SQL statement'),
('Login.Forgotten.Modal.Status.Success', 'CZK', 'Přihlašovací údaje Vám byly zaslány na'),
('Login.Forgotten.Modal.Status.Success', 'ENG', 'Your login was sent to Your mail'),
('Login.ForgottenPassword', 'CZK', 'Zapomenuté přihlašovací údaje'),
('Login.ForgottenPassword', 'ENG', 'Forgotten login'),
('Login.Login', 'CZK', 'Jméno'),
('Login.Login', 'ENG', 'Name'),
('Login.LogInto', 'CZK', 'Přihlásit'),
('Login.LogInto', 'ENG', 'Log in'),
('Login.Password', 'CZK', 'Heslo'),
('Login.Password', 'ENG', 'Password'),
('Login.SignIn', 'CZK', 'Registrovat se'),
('Login.SignIn', 'ENG', 'Sign in'),
('MailEngine.FailToSend', 'CZK', 'E-mail se nepodařilo odeslat'),
('MailEngine.FailToSend', 'ENG', 'Cannot send an e-mail'),
('Menu.AddItem', 'CZK', 'Přidat položku'),
('Menu.AddItem', 'ENG', 'Add item'),
('Menu.AddMoney', 'CZK', 'Nová transakce'),
('Menu.AddMoney', 'ENG', 'New transaction'),
('Menu.Back', 'CZK', 'Zpět'),
('Menu.Back', 'ENG', 'Back to main page'),
('Menu.DownloadBackUp', 'CZK', 'Stáhnout zálohu'),
('Menu.DownloadBackUp', 'ENG', 'Download backup'),
('Menu.Logout', 'CZK', 'Odhlásit'),
('Menu.Logout', 'ENG', 'Logout'),
('Menu.OldItems', 'CZK', 'Staré účty'),
('Menu.OldItems', 'ENG', 'Old items'),
('Menu.SendToMother', 'CZK', 'Poslat rodiči'),
('Menu.SendToMother', 'ENG', 'Send to parent'),
('Menu.Settings', 'CZK', 'Nastavení'),
('Menu.Settings', 'ENG', 'Settings'),
('Menu.Shortcuts', 'CZK', 'klávesové zkratky'),
('Menu.Shortcuts', 'ENG', 'shortcuts'),
('Menu.ShortcutsTitle', 'CZK', 'Ctrl+, - nový záznam&#010;Ctrl+M - nová transakce&#010;Ctrl+O - staré záznamy&#010;Ctrl+S - nastavení&#010;Ctrl+Z - zpět v historii&#010;Ctrl+Y - vpřed v historii&#010;Ctrl+B - zpět na hlavní stránku&#010;Ctrl+L - odhlásit se'),
('Menu.ShortcutsTitle', 'ENG', 'Ctrl+, - new item&#010;Ctrl+M - new transaction&#010;Ctrl+O - old items&#010;Ctrl+S - settings&#010;Ctrl+Z - back in history&#010;Ctrl+Y - front to history&#010;Ctrl+B - back&#010;Ctrl+L - logout'),
('Month.April', 'CZK', 'Duben'),
('Month.April', 'ENG', 'April'),
('Month.August', 'CZK', 'Srpen'),
('Month.August', 'ENG', 'August'),
('Month.December', 'CZK', 'Prosinec'),
('Month.December', 'ENG', 'December'),
('Month.February', 'CZK', 'Únor'),
('Month.February', 'ENG', 'February'),
('Month.January', 'CZK', 'Leden'),
('Month.January', 'ENG', 'January'),
('Month.July', 'CZK', 'Červenec'),
('Month.July', 'ENG', 'July'),
('Month.June', 'CZK', 'Červen'),
('Month.June', 'ENG', 'June'),
('Month.March', 'CZK', 'Březen'),
('Month.March', 'ENG', 'March'),
('Month.May', 'CZK', 'Květen'),
('Month.May', 'ENG', 'May'),
('Month.November', 'CZK', 'Listopad'),
('Month.November', 'ENG', 'November'),
('Month.October', 'CZK', 'Říjen'),
('Month.October', 'ENG', 'October'),
('Month.September', 'CZK', 'Září'),
('Month.September', 'ENG', 'September'),
('No', 'CZK', 'NE'),
('No', 'ENG', 'NO'),
('OldItems.Heading1', 'CZK', 'Již zapsané účty'),
('OldItems.Heading1', 'ENG', 'Checked items'),
('PrintItems.DeleteItemTitle', 'CZK', 'Smazat záznam'),
('PrintItems.DeleteItemTitle', 'ENG', 'Delete item'),
('PrintItems.Description', 'CZK', 'Bližší popis'),
('PrintItems.Description', 'ENG', 'Description'),
('PrintItems.Filtering.Error.TwoSpaces', 'CZK', 'Řetězec začínal dvěma mezarama!'),
('PrintItems.Filtering.Error.TwoSpaces', 'ENG', 'Pattern started with two spaces!'),
('PrintItems.CheckedItemTitle', 'CZK', 'Check'),
('PrintItems.CheckedItemTitle', 'ENG', 'Check'),
('PrintItems.Name', 'CZK', 'Název položky'),
('PrintItems.Name', 'ENG', 'Item name'),
('PrintItems.NoResults', 'CZK', 'Takovému výběru neodpovídají žádné výsledky'),
('PrintItems.NoResults', 'ENG', 'No results for this choice'),
('PrintItems.Note', 'CZK', 'Poznámka'),
('PrintItems.Note', 'ENG', 'Note'),
('PrintItems.PayedBy.Card', 'CZK', 'karta'),
('PrintItems.PayedBy.Card', 'ENG', 'card'),
('PrintItems.PayedBy.Cash', 'CZK', 'hotovost'),
('PrintItems.PayedBy.Cash', 'ENG', 'cash'),
('PrintItems.Price', 'CZK', 'Celková cena'),
('PrintItems.Price', 'ENG', 'Total price'),
('PrintItems.Status.Card', 'CZK', 'Zůstatek na kartě'),
('PrintItems.Status.Card', 'ENG', 'Rest on card'),
('PrintItems.Status.Cash', 'CZK', 'Zůstatek v hotovosti'),
('PrintItems.Status.Cash', 'ENG', 'Rest in cash'),
('PrintItems.TotalItemsPrice', 'CZK', 'SUM'),
('PrintItems.TotalItemsPrice', 'ENG', 'SUM'),
('PrintItems.TotalItemsSize', 'CZK', 'Celkem položek'),
('PrintItems.TotalItemsSize', 'ENG', 'Total items'),
('PrintItems.Type', 'CZK', 'Placeno'),
('PrintItems.Type', 'ENG', 'Payed by'),
('SendToParent.Button', 'CZK', 'Náhled e-mailu'),
('SendToParent.Button', 'ENG', 'E-mail preview'),
('SendToParent.Preview.For', 'CZK', 'Za'),
('SendToParent.Preview.For', 'ENG', 'For'),
('SendToParent.Preview.FromMonth', 'CZK', 'Vyúčtování za'),
('SendToParent.Preview.FromMonth', 'ENG', 'Audit for'),
('SendToParent.Preview.FromYear', 'CZK', 'roku'),
('SendToParent.Preview.FromYear', 'ENG', 'of year'),
('SendToParent.Preview.Intro', 'CZK', 'Text zprávy'),
('SendToParent.Preview.Intro', 'ENG', 'Message content'),
('SendToParent.Preview.Items', 'CZK', 'položek'),
('SendToParent.Preview.Items', 'ENG', 'items'),
('SendToParent.Preview.ItemsCount', 'CZK', 'Počet položek'),
('SendToParent.Preview.ItemsCount', 'ENG', 'Number of items'),
('SendToParent.Preview.Send', 'CZK', 'Opravdu poslat'),
('SendToParent.Preview.Send', 'ENG', 'Really send'),
('SendToParent.Sent.ToDate', 'CZK', 'Účetnictví za'),
('SendToParent.Sent.ToDate', 'ENG', 'Audit for'),
('SendToParent.Sent.ToMail', 'CZK', 'odesláno na'),
('SendToParent.Sent.ToMail', 'ENG', 'send to'),
('SendToParent.Year', 'CZK', 'rok'),
('SendToParent.Year', 'ENG', 'year'),
('Settings.Form.Alert.Login', 'CZK', 'Špatně vyplněný login'),
('Settings.Form.Alert.Login', 'ENG', 'Wrong filled login'),
('Settings.Form.Alert.MailToMe', 'CZK', 'Špatně vyplněný mail'),
('Settings.Form.Alert.MailToMe', 'ENG', 'Wrong filled mail'),
('Settings.Form.Alert.MailToParent', 'CZK', 'Špatně vyplněný mail na rodiče'),
('Settings.Form.Alert.MailToParent', 'ENG', 'Wrong filled mail to parent'),
('Settings.Form.Alert.Name', 'CZK', 'Špatně vyplněné jméno'),
('Settings.Form.Alert.Name', 'ENG', 'Wrong filled name'),
('Settings.Form.Alert.Password', 'CZK', 'Špatně vyplněné heslo'),
('Settings.Form.Alert.Password', 'ENG', 'Wrong filled password'),
('Settings.Form.Alert.PasswordAgain', 'CZK', 'Špatně vyplněné heslo'),
('Settings.Form.Alert.PasswordAgain', 'ENG', 'Wrong filled password'),
('Settings.Form.ConfirmPassword', 'CZK', 'Heso znova'),
('Settings.Form.ConfirmPassword', 'ENG', 'Password again'),
('Settings.Form.ConfirmPassword.NotSame', 'CZK', 'Hesla se neshodují'),
('Settings.Form.ConfirmPassword.NotSame', 'ENG', 'Passwords not match'),
('Settings.Form.Currency', 'CZK', 'Měna'),
('Settings.Form.Currency', 'ENG', 'Currency'),
('Settings.Form.KindOfSpend.AddNew', 'CZK', 'Přidat'),
('Settings.Form.KindOfSpend.AddNew', 'ENG', 'Add'),
('Settings.Form.KindsOfSpend', 'CZK', 'Druhy útraty'),
('Settings.Form.KindsOfSpend', 'ENG', 'Kind of charges'),
('Settings.Form.Language', 'CZK', 'Jazyk'),
('Settings.Form.Language', 'ENG', 'Language'),
('Settings.Form.Login', 'CZK', 'Login'),
('Settings.Form.Login', 'ENG', 'Login'),
('Settings.Form.Login.AlreadyExists', 'CZK', 'Tato hodnota je již zabraná'),
('Settings.Form.Login.AlreadyExists', 'ENG', 'This value is already taken'),
('Settings.Form.Login.SomeError', 'CZK', 'Nějaká chyba'),
('Settings.Form.Login.SomeError', 'ENG', 'Some error'),
('Settings.Form.Login.TooShort', 'CZK', 'příliš krátké (>= {%d} znaků)'),
('Settings.Form.Login.TooShort', 'ENG', 'too short (>= {%d} chars)'),
('Settings.Form.Mail.BadFormat', 'CZK', 'Špatný formát'),
('Settings.Form.Mail.BadFormat', 'ENG', 'Wrong format'),
('Settings.Form.MailToMe', 'CZK', 'Mail na mě'),
('Settings.Form.MailToMe', 'ENG', 'Mail to me'),
('Settings.Form.MailToParent', 'CZK', 'Mail na rodiče'),
('Settings.Form.MailToParent', 'ENG', 'Mail to parent'),
('Settings.Form.Name', 'CZK', 'Jméno'),
('Settings.Form.Name', 'ENG', 'Name'),
('Settings.Form.Password', 'CZK', 'Heslo'),
('Settings.Form.Password', 'ENG', 'Password'),
('Settings.Form.Password.BadSecurity', 'CZK', 'Alespoň 2 vlastnosti z [a-z], [A-Z] a [0-9]'),
('Settings.Form.Password.BadSecurity', 'ENG', 'At least 2 property of [a-z], [A-Z] and [0-9]'),
('Settings.Form.Password.TooShort', 'CZK', 'příliš krátké (>= {%d} znaků)'),
('Settings.Form.Password.TooShort', 'ENG', 'too short (>= {%d} chars)'),
('Settings.Form.Result.Error', 'CZK', 'Něco se pokazilo'),
('Settings.Form.Result.Error', 'ENG', 'Something gone wrong'),
('Settings.Form.Result.Success', 'CZK', 'Vše změněno'),
('Settings.Form.Result.Success', 'ENG', 'Everything changed'),
('Settings.Form.Send', 'CZK', 'Změnit'),
('Settings.Form.Send', 'ENG', 'Change'),
('Settings.Form.SendByOne', 'CZK', 'Posílat rodiči každou položku'),
('Settings.Form.SendByOne', 'ENG', 'Send to parent every added item'),
('Settings.Form.SendMonthly', 'CZK', 'Možnost posílat měsíční výpis'),
('Settings.Form.SendMonthly', 'ENG', 'Ability to send monthly dump'),
('Settings.Heading1', 'CZK', 'nastavení'),
('Settings.Heading1', 'ENG', 'settings'),
('ShowItems.Delete.Alert', 'CZK', 'Opravdu chceš smazat?'),
('ShowItems.Delete.Alert', 'ENG', 'Do you really want to delete this item?'),
('ShowItems.CheckAll.Alert', 'CZK', 'Chceš checknout všechny tyto položky?'),
('ShowItems.CheckAll.Alert', 'ENG', 'Do you really want to chaeck all displayed items?'),
('ShowItems.CheckAll.Title', 'CZK', 'Check všechny zobrazené'),
('ShowItems.CheckAll.Title', 'ENG', 'Check all pisplayed items'),
('Title', 'CZK', '''s útrata'),
('Title', 'ENG', '''s expense'),
('Uvod.DownloadBackUp.ErrorOcured', 'CZK', 'Vyskytla se chyba'),
('Uvod.DownloadBackUp.ErrorOcured', 'ENG', 'Error ocures'),
('Uvod.Filtering.AndMonth', 'CZK', 'a vybrat pouze'),
('Uvod.Filtering.AndMonth', 'ENG', 'and select only'),
('Uvod.Filtering.HelpTitle', 'CZK', 'jednotlivé řetězce oddělujte dvěma mezerama &#010;pro napsání dvou mezer napiště ''\\ \\ '' &#010;''!'' před řetězcem - řetězec, který se v položce nikde nevyskytuje &#010;pro napsání vykřičníku použijte výraz ''\\!'''),
('Uvod.Filtering.HelpTitle', 'ENG', 'every string delimite by two spaces &#010;for typing two spaces type ''\\ \\ '' &#010;''!'' before string - string which is nowhere in every item&#010;for typing exclamation mark use expresion ''\\!'''),
('Uvod.Filtering.Month.Default', 'CZK', '--měsíc--'),
('Uvod.Filtering.Month.Default', 'ENG', '--month--'),
('Uvod.Filtering.Or', 'CZK', 'nebo'),
('Uvod.Filtering.Or', 'ENG', 'or'),
('Uvod.Filtering.OrderBy', 'CZK', 'Řadit podle'),
('Uvod.Filtering.OrderBy', 'ENG', 'Order by'),
('Uvod.Filtering.OrderBy.Asc', 'CZK', 'Vzestupně'),
('Uvod.Filtering.OrderBy.Asc', 'ENG', 'Ascendant'),
('Uvod.Filtering.OrderBy.Desc', 'CZK', 'Sestupně'),
('Uvod.Filtering.OrderBy.Desc', 'ENG', 'Descendant'),
('Uvod.Filtering.OrderBy.ItemDate', 'CZK', 'Datum'),
('Uvod.Filtering.OrderBy.ItemDate', 'ENG', 'Date'),
('Uvod.Filtering.OrderBy.ItemName', 'CZK', 'Název'),
('Uvod.Filtering.OrderBy.ItemName', 'ENG', 'Name'),
('Uvod.Filtering.OrderBy.ItemPrice', 'CZK', 'Cena'),
('Uvod.Filtering.OrderBy.ItemPrice', 'ENG', 'Price'),
('Uvod.Filtering.Pattern', 'CZK', 'slovo'),
('Uvod.Filtering.Pattern', 'ENG', 'pattern'),
('Uvod.Filtering.SetDefaultTitle', 'CZK', 'výchozí filtrování'),
('Uvod.Filtering.SetDefaultTitle', 'ENG', 'default filtering'),
('Uvod.Filtering.Types.Default', 'CZK', '- poznámka -'),
('Uvod.Filtering.Types.Default', 'ENG', '- note -'),
('Uvod.Filtering.Year', 'CZK', 'rok'),
('Uvod.Filtering.Year', 'ENG', 'year'),
('Uvod.Heading1', 'CZK', 'útrata :-)'),
('Uvod.Heading1', 'ENG', 'charges :-)'),
('Yes', 'CZK', 'ANO'),
('Yes', 'ENG', 'YES');

/*!40101 SET CHARACTER_SET_CLIENT=@OLD_CHARACTER_SET_CLIENT */;
/*!40101 SET CHARACTER_SET_RESULTS=@OLD_CHARACTER_SET_RESULTS */;
/*!40101 SET COLLATION_CONNECTION=@OLD_COLLATION_CONNECTION */;
